start,end,speaker,text,tokens,dependencies,entities,intervention
00:00:00.237,00:00:02.798,SPEAKER_00,So we are going to facilitate a trauma scenario now.,"[{""text"": ""going"", ""pos"": ""VERB"", ""lemma"": ""go""}, {""text"": ""facilitate"", ""pos"": ""VERB"", ""lemma"": ""facilitate""}, {""text"": ""trauma"", ""pos"": ""NOUN"", ""lemma"": ""trauma""}, {""text"": ""scenario"", ""pos"": ""NOUN"", ""lemma"": ""scenario""}, {""text"": ""."", ""pos"": ""PUNCT"", ""lemma"": "".""}]","[{""word"": ""So"", ""head"": ""going"", ""relation"": ""advmod""}, {""word"": ""we"", ""head"": ""going"", ""relation"": ""nsubj""}, {""word"": ""are"", ""head"": ""going"", ""relation"": ""aux""}, {""word"": ""going"", ""head"": ""going"", ""relation"": ""ROOT""}, {""word"": ""to"", ""head"": ""facilitate"", ""relation"": ""aux""}, {""word"": ""facilitate"", ""head"": ""going"", ""relation"": ""xcomp""}, {""word"": ""a"", ""head"": ""scenario"", ""relation"": ""det""}, {""word"": ""trauma"", ""head"": ""scenario"", ""relation"": ""compound""}, {""word"": ""scenario"", ""head"": ""facilitate"", ""relation"": ""dobj""}, {""word"": ""now"", ""head"": ""facilitate"", ""relation"": ""advmod""}, {""word"": ""."", ""head"": ""going"", ""relation"": ""punct""}]","[{""entity"": ""Therapeutic_procedure"", ""text"": ""trauma"", ""score"": 0.9430000185966492}]","{""label"": ""Medication"", ""confidence"": 0.348}"
00:00:03.298,00:00:05.878,SPEAKER_00,So you can see we have a mannequin on the floor with blankets.,"[{""text"": ""mannequin"", ""pos"": ""NOUN"", ""lemma"": ""mannequin""}, {""text"": ""floor"", ""pos"": ""NOUN"", ""lemma"": ""floor""}, {""text"": ""blankets"", ""pos"": ""NOUN"", ""lemma"": ""blanket""}, {""text"": ""."", ""pos"": ""PUNCT"", ""lemma"": "".""}]","[{""word"": ""So"", ""head"": ""see"", ""relation"": ""advmod""}, {""word"": ""you"", ""head"": ""see"", ""relation"": ""nsubj""}, {""word"": ""can"", ""head"": ""see"", ""relation"": ""aux""}, {""word"": ""see"", ""head"": ""see"", ""relation"": ""ROOT""}, {""word"": ""we"", ""head"": ""have"", ""relation"": ""nsubj""}, {""word"": ""have"", ""head"": ""see"", ""relation"": ""ccomp""}, {""word"": ""a"", ""head"": ""mannequin"", ""relation"": ""det""}, {""word"": ""mannequin"", ""head"": ""have"", ""relation"": ""dobj""}, {""word"": ""on"", ""head"": ""have"", ""relation"": ""prep""}, {""word"": ""the"", ""head"": ""floor"", ""relation"": ""det""}, {""word"": ""floor"", ""head"": ""on"", ""relation"": ""pobj""}, {""word"": ""with"", ""head"": ""have"", ""relation"": ""prep""}, {""word"": ""blankets"", ""head"": ""with"", ""relation"": ""pobj""}, {""word"": ""."", ""head"": ""see"", ""relation"": ""punct""}]","[{""entity"": ""Activity"", ""text"": ""mannequin"", ""score"": 0.6869999766349792}]","{""label"": ""Medication"", ""confidence"": 0.358}"
00:00:06.259,00:00:07.860,SPEAKER_00,The blankets are supposed to be snow.,"[{""text"": ""blankets"", ""pos"": ""NOUN"", ""lemma"": ""blanket""}, {""text"": ""supposed"", ""pos"": ""VERB"", ""lemma"": ""suppose""}, {""text"": ""snow"", ""pos"": ""NOUN"", ""lemma"": ""snow""}, {""text"": ""."", ""pos"": ""PUNCT"", ""lemma"": "".""}]","[{""word"": ""The"", ""head"": ""blankets"", ""relation"": ""det""}, {""word"": ""blankets"", ""head"": ""supposed"", ""relation"": ""nsubjpass""}, {""word"": ""are"", ""head"": ""supposed"", ""relation"": ""auxpass""}, {""word"": ""supposed"", ""head"": ""supposed"", ""relation"": ""ROOT""}, {""word"": ""to"", ""head"": ""be"", ""relation"": ""aux""}, {""word"": ""be"", ""head"": ""supposed"", ""relation"": ""xcomp""}, {""word"": ""snow"", ""head"": ""be"", ""relation"": ""attr""}, {""word"": ""."", ""head"": ""supposed"", ""relation"": ""punct""}]",[],"{""label"": ""Airway"", ""confidence"": 0.37}"
00:00:07.879,00:00:15.041,SPEAKER_00,"It's not really snow, but we're hoping it's just enough to get our participants in that mindset to go with it.","[{""text"": ""snow"", ""pos"": ""NOUN"", ""lemma"": ""snow""}, {""text"": "","", ""pos"": ""PUNCT"", ""lemma"": "",""}, {""text"": ""hoping"", ""pos"": ""VERB"", ""lemma"": ""hope""}, {""text"": ""participants"", ""pos"": ""NOUN"", ""lemma"": ""participant""}, {""text"": ""mindset"", ""pos"": ""NOUN"", ""lemma"": ""mindset""}, {""text"": ""."", ""pos"": ""PUNCT"", ""lemma"": "".""}]","[{""word"": ""It"", ""head"": ""'s"", ""relation"": ""nsubj""}, {""word"": ""'s"", ""head"": ""'s"", ""relation"": ""ROOT""}, {""word"": ""not"", ""head"": ""'s"", ""relation"": ""neg""}, {""word"": ""really"", ""head"": ""'s"", ""relation"": ""advmod""}, {""word"": ""snow"", ""head"": ""'s"", ""relation"": ""attr""}, {""word"": "","", ""head"": ""'s"", ""relation"": ""punct""}, {""word"": ""but"", ""head"": ""'s"", ""relation"": ""cc""}, {""word"": ""we"", ""head"": ""hoping"", ""relation"": ""nsubj""}, {""word"": ""'re"", ""head"": ""hoping"", ""relation"": ""aux""}, {""word"": ""hoping"", ""head"": ""'s"", ""relation"": ""conj""}, {""word"": ""it"", ""head"": ""'s"", ""relation"": ""nsubj""}, {""word"": ""'s"", ""head"": ""hoping"", ""relation"": ""ccomp""}, {""word"": ""just"", ""head"": ""enough"", ""relation"": ""advmod""}, {""word"": ""enough"", ""head"": ""'s"", ""relation"": ""acomp""}, {""word"": ""to"", ""head"": ""get"", ""relation"": ""aux""}, {""word"": ""get"", ""head"": ""enough"", ""relation"": ""xcomp""}, {""word"": ""our"", ""head"": ""participants"", ""relation"": ""poss""}, {""word"": ""participants"", ""head"": ""get"", ""relation"": ""dobj""}, {""word"": ""in"", ""head"": ""get"", ""relation"": ""prep""}, {""word"": ""that"", ""head"": ""mindset"", ""relation"": ""det""}, {""word"": ""mindset"", ""head"": ""in"", ""relation"": ""pobj""}, {""word"": ""to"", ""head"": ""go"", ""relation"": ""aux""}, {""word"": ""go"", ""head"": ""get"", ""relation"": ""advcl""}, {""word"": ""with"", ""head"": ""go"", ""relation"": ""prep""}, {""word"": ""it"", ""head"": ""with"", ""relation"": ""pobj""}, {""word"": ""."", ""head"": ""hoping"", ""relation"": ""punct""}]",[],"{""label"": ""Airway"", ""confidence"": 0.36}"
00:00:15.061,00:00:17.603,SPEAKER_00,"Okay, so these are the vital signs.","[{""text"": ""Okay"", ""pos"": ""INTJ"", ""lemma"": ""okay""}, {""text"": "","", ""pos"": ""PUNCT"", ""lemma"": "",""}, {""text"": ""vital"", ""pos"": ""ADJ"", ""lemma"": ""vital""}, {""text"": ""signs"", ""pos"": ""NOUN"", ""lemma"": ""sign""}, {""text"": ""."", ""pos"": ""PUNCT"", ""lemma"": "".""}]","[{""word"": ""Okay"", ""head"": ""are"", ""relation"": ""intj""}, {""word"": "","", ""head"": ""are"", ""relation"": ""punct""}, {""word"": ""so"", ""head"": ""are"", ""relation"": ""advmod""}, {""word"": ""these"", ""head"": ""are"", ""relation"": ""nsubj""}, {""word"": ""are"", ""head"": ""are"", ""relation"": ""ROOT""}, {""word"": ""the"", ""head"": ""signs"", ""relation"": ""det""}, {""word"": ""vital"", ""head"": ""signs"", ""relation"": ""amod""}, {""word"": ""signs"", ""head"": ""are"", ""relation"": ""attr""}, {""word"": ""."", ""head"": ""are"", ""relation"": ""punct""}]",[],"{""label"": ""Medication"", ""confidence"": 0.354}"
00:00:18.222,00:00:24.986,SPEAKER_00,"And really the point of this scenario is for our responders to respond to the scene, perform an assessment.","[{""text"": ""point"", ""pos"": ""NOUN"", ""lemma"": ""point""}, {""text"": ""scenario"", ""pos"": ""NOUN"", ""lemma"": ""scenario""}, {""text"": ""responders"", ""pos"": ""NOUN"", ""lemma"": ""responder""}, {""text"": ""respond"", ""pos"": ""VERB"", ""lemma"": ""respond""}, {""text"": ""scene"", ""pos"": ""NOUN"", ""lemma"": ""scene""}, {""text"": "","", ""pos"": ""PUNCT"", ""lemma"": "",""}, {""text"": ""perform"", ""pos"": ""VERB"", ""lemma"": ""perform""}, {""text"": ""assessment"", ""pos"": ""NOUN"", ""lemma"": ""assessment""}, {""text"": ""."", ""pos"": ""PUNCT"", ""lemma"": "".""}]","[{""word"": ""And"", ""head"": ""is"", ""relation"": ""cc""}, {""word"": ""really"", ""head"": ""is"", ""relation"": ""advmod""}, {""word"": ""the"", ""head"": ""point"", ""relation"": ""det""}, {""word"": ""point"", ""head"": ""is"", ""relation"": ""nsubj""}, {""word"": ""of"", ""head"": ""point"", ""relation"": ""prep""}, {""word"": ""this"", ""head"": ""scenario"", ""relation"": ""det""}, {""word"": ""scenario"", ""head"": ""of"", ""relation"": ""pobj""}, {""word"": ""is"", ""head"": ""is"", ""relation"": ""ROOT""}, {""word"": ""for"", ""head"": ""respond"", ""relation"": ""mark""}, {""word"": ""our"", ""head"": ""responders"", ""relation"": ""poss""}, {""word"": ""responders"", ""head"": ""respond"", ""relation"": ""nsubj""}, {""word"": ""to"", ""head"": ""respond"", ""relation"": ""aux""}, {""word"": ""respond"", ""head"": ""is"", ""relation"": ""advcl""}, {""word"": ""to"", ""head"": ""respond"", ""relation"": ""prep""}, {""word"": ""the"", ""head"": ""scene"", ""relation"": ""det""}, {""word"": ""scene"", ""head"": ""to"", ""relation"": ""pobj""}, {""word"": "","", ""head"": ""respond"", ""relation"": ""punct""}, {""word"": ""perform"", ""head"": ""respond"", ""relation"": ""conj""}, {""word"": ""an"", ""head"": ""assessment"", ""relation"": ""det""}, {""word"": ""assessment"", ""head"": ""perform"", ""relation"": ""dobj""}, {""word"": ""."", ""head"": ""is"", ""relation"": ""punct""}]",[],"{""label"": ""Medication"", ""confidence"": 0.352}"
00:00:25.466,00:00:28.146,SPEAKER_00,And what they're going to find is that the patient has a pneumo.,"[{""text"": ""going"", ""pos"": ""VERB"", ""lemma"": ""go""}, {""text"": ""find"", ""pos"": ""VERB"", ""lemma"": ""find""}, {""text"": ""patient"", ""pos"": ""NOUN"", ""lemma"": ""patient""}, {""text"": ""pneumo"", ""pos"": ""NOUN"", ""lemma"": ""pneumo""}, {""text"": ""."", ""pos"": ""PUNCT"", ""lemma"": "".""}]","[{""word"": ""And"", ""head"": ""is"", ""relation"": ""cc""}, {""word"": ""what"", ""head"": ""find"", ""relation"": ""dobj""}, {""word"": ""they"", ""head"": ""going"", ""relation"": ""nsubj""}, {""word"": ""'re"", ""head"": ""going"", ""relation"": ""aux""}, {""word"": ""going"", ""head"": ""is"", ""relation"": ""csubj""}, {""word"": ""to"", ""head"": ""find"", ""relation"": ""aux""}, {""word"": ""find"", ""head"": ""going"", ""relation"": ""xcomp""}, {""word"": ""is"", ""head"": ""is"", ""relation"": ""ROOT""}, {""word"": ""that"", ""head"": ""has"", ""relation"": ""mark""}, {""word"": ""the"", ""head"": ""patient"", ""relation"": ""det""}, {""word"": ""patient"", ""head"": ""has"", ""relation"": ""nsubj""}, {""word"": ""has"", ""head"": ""is"", ""relation"": ""ccomp""}, {""word"": ""a"", ""head"": ""pneumo"", ""relation"": ""det""}, {""word"": ""pneumo"", ""head"": ""has"", ""relation"": ""dobj""}, {""word"": ""."", ""head"": ""is"", ""relation"": ""punct""}]",[],"{""label"": ""Airway"", ""confidence"": 0.344}"
00:00:29.413,00:00:30.053,SPEAKER_00,I'll show you that again.,"[{""text"": ""."", ""pos"": ""PUNCT"", ""lemma"": "".""}]","[{""word"": ""I"", ""head"": ""show"", ""relation"": ""nsubj""}, {""word"": ""'ll"", ""head"": ""show"", ""relation"": ""aux""}, {""word"": ""show"", ""head"": ""show"", ""relation"": ""ROOT""}, {""word"": ""you"", ""head"": ""show"", ""relation"": ""dobj""}, {""word"": ""that"", ""head"": ""show"", ""relation"": ""dobj""}, {""word"": ""again"", ""head"": ""show"", ""relation"": ""advmod""}, {""word"": ""."", ""head"": ""show"", ""relation"": ""punct""}]",[],"{""label"": ""Airway"", ""confidence"": 0.364}"
00:00:30.112,00:00:36.296,SPEAKER_00,"Clicking on the lungs, and then clicking on pneumothorax, I can then choose which side.","[{""text"": ""Clicking"", ""pos"": ""VERB"", ""lemma"": ""click""}, {""text"": ""lungs"", ""pos"": ""NOUN"", ""lemma"": ""lung""}, {""text"": "","", ""pos"": ""PUNCT"", ""lemma"": "",""}, {""text"": ""clicking"", ""pos"": ""VERB"", ""lemma"": ""click""}, {""text"": ""pneumothorax"", ""pos"": ""NOUN"", ""lemma"": ""pneumothorax""}, {""text"": "","", ""pos"": ""PUNCT"", ""lemma"": "",""}, {""text"": ""choose"", ""pos"": ""VERB"", ""lemma"": ""choose""}, {""text"": ""."", ""pos"": ""PUNCT"", ""lemma"": "".""}]","[{""word"": ""Clicking"", ""head"": ""Clicking"", ""relation"": ""ROOT""}, {""word"": ""on"", ""head"": ""Clicking"", ""relation"": ""prep""}, {""word"": ""the"", ""head"": ""lungs"", ""relation"": ""det""}, {""word"": ""lungs"", ""head"": ""on"", ""relation"": ""pobj""}, {""word"": "","", ""head"": ""Clicking"", ""relation"": ""punct""}, {""word"": ""and"", ""head"": ""Clicking"", ""relation"": ""cc""}, {""word"": ""then"", ""head"": ""clicking"", ""relation"": ""advmod""}, {""word"": ""clicking"", ""head"": ""choose"", ""relation"": ""advcl""}, {""word"": ""on"", ""head"": ""clicking"", ""relation"": ""prep""}, {""word"": ""pneumothorax"", ""head"": ""on"", ""relation"": ""pobj""}, {""word"": "","", ""head"": ""choose"", ""relation"": ""punct""}, {""word"": ""I"", ""head"": ""choose"", ""relation"": ""nsubj""}, {""word"": ""can"", ""head"": ""choose"", ""relation"": ""aux""}, {""word"": ""then"", ""head"": ""choose"", ""relation"": ""advmod""}, {""word"": ""choose"", ""head"": ""Clicking"", ""relation"": ""conj""}, {""word"": ""which"", ""head"": ""side"", ""relation"": ""det""}, {""word"": ""side"", ""head"": ""choose"", ""relation"": ""dobj""}, {""word"": ""."", ""head"": ""choose"", ""relation"": ""punct""}]",[],"{""label"": ""Airway"", ""confidence"": 0.375}"
00:00:36.317,00:00:39.418,SPEAKER_00,"So I'm going to give them a right-sided pneumo, and then activate.","[{""text"": ""going"", ""pos"": ""VERB"", ""lemma"": ""go""}, {""text"": ""right"", ""pos"": ""ADV"", ""lemma"": ""right""}, {""text"": ""-"", ""pos"": ""PUNCT"", ""lemma"": ""-""}, {""text"": ""sided"", ""pos"": ""ADJ"", ""lemma"": ""sided""}, {""text"": ""pneumo"", ""pos"": ""ADJ"", ""lemma"": ""pneumo""}, {""text"": "","", ""pos"": ""PUNCT"", ""lemma"": "",""}, {""text"": ""activate"", ""pos"": ""VERB"", ""lemma"": ""activate""}, {""text"": ""."", ""pos"": ""PUNCT"", ""lemma"": "".""}]","[{""word"": ""So"", ""head"": ""going"", ""relation"": ""advmod""}, {""word"": ""I"", ""head"": ""going"", ""relation"": ""nsubj""}, {""word"": ""'m"", ""head"": ""going"", ""relation"": ""aux""}, {""word"": ""going"", ""head"": ""going"", ""relation"": ""ROOT""}, {""word"": ""to"", ""head"": ""give"", ""relation"": ""aux""}, {""word"": ""give"", ""head"": ""going"", ""relation"": ""xcomp""}, {""word"": ""them"", ""head"": ""give"", ""relation"": ""dative""}, {""word"": ""a"", ""head"": ""pneumo"", ""relation"": ""det""}, {""word"": ""right"", ""head"": ""sided"", ""relation"": ""advmod""}, {""word"": ""-"", ""head"": ""sided"", ""relation"": ""punct""}, {""word"": ""sided"", ""head"": ""pneumo"", ""relation"": ""amod""}, {""word"": ""pneumo"", ""head"": ""give"", ""relation"": ""dobj""}, {""word"": "","", ""head"": ""going"", ""relation"": ""punct""}, {""word"": ""and"", ""head"": ""going"", ""relation"": ""cc""}, {""word"": ""then"", ""head"": ""activate"", ""relation"": ""advmod""}, {""word"": ""activate"", ""head"": ""going"", ""relation"": ""conj""}, {""word"": ""."", ""head"": ""going"", ""relation"": ""punct""}]","[{""entity"": ""Detailed_description"", ""text"": ""right"", ""score"": 1.0}]","{""label"": ""Airway"", ""confidence"": 0.378}"
00:00:40.499,00:00:44.121,SPEAKER_00,There might be some other injuries that are hard to simulate using the mannequin.,"[{""text"": ""injuries"", ""pos"": ""NOUN"", ""lemma"": ""injury""}, {""text"": ""hard"", ""pos"": ""ADJ"", ""lemma"": ""hard""}, {""text"": ""simulate"", ""pos"": ""VERB"", ""lemma"": ""simulate""}, {""text"": ""mannequin"", ""pos"": ""NOUN"", ""lemma"": ""mannequin""}, {""text"": ""."", ""pos"": ""PUNCT"", ""lemma"": "".""}]","[{""word"": ""There"", ""head"": ""be"", ""relation"": ""expl""}, {""word"": ""might"", ""head"": ""be"", ""relation"": ""aux""}, {""word"": ""be"", ""head"": ""be"", ""relation"": ""ROOT""}, {""word"": ""some"", ""head"": ""injuries"", ""relation"": ""det""}, {""word"": ""other"", ""head"": ""injuries"", ""relation"": ""amod""}, {""word"": ""injuries"", ""head"": ""be"", ""relation"": ""attr""}, {""word"": ""that"", ""head"": ""are"", ""relation"": ""nsubj""}, {""word"": ""are"", ""head"": ""injuries"", ""relation"": ""relcl""}, {""word"": ""hard"", ""head"": ""are"", ""relation"": ""acomp""}, {""word"": ""to"", ""head"": ""simulate"", ""relation"": ""aux""}, {""word"": ""simulate"", ""head"": ""hard"", ""relation"": ""xcomp""}, {""word"": ""using"", ""head"": ""simulate"", ""relation"": ""xcomp""}, {""word"": ""the"", ""head"": ""mannequin"", ""relation"": ""det""}, {""word"": ""mannequin"", ""head"": ""using"", ""relation"": ""dobj""}, {""word"": ""."", ""head"": ""be"", ""relation"": ""punct""}]","[{""entity"": ""Disease_disorder"", ""text"": ""injuries"", ""score"": 0.8669999837875366}]","{""label"": ""Airway"", ""confidence"": 0.37}"
00:00:44.161,00:00:52.026,SPEAKER_00,"So as the facilitator, I will be verbalizing what those are if the participants actually assess them or look for those things.","[{""text"": ""facilitator"", ""pos"": ""NOUN"", ""lemma"": ""facilitator""}, {""text"": "","", ""pos"": ""PUNCT"", ""lemma"": "",""}, {""text"": ""verbalizing"", ""pos"": ""VERB"", ""lemma"": ""verbalize""}, {""text"": ""participants"", ""pos"": ""NOUN"", ""lemma"": ""participant""}, {""text"": ""actually"", ""pos"": ""ADV"", ""lemma"": ""actually""}, {""text"": ""assess"", ""pos"": ""VERB"", ""lemma"": ""assess""}, {""text"": ""look"", ""pos"": ""VERB"", ""lemma"": ""look""}, {""text"": ""things"", ""pos"": ""NOUN"", ""lemma"": ""thing""}, {""text"": ""."", ""pos"": ""PUNCT"", ""lemma"": "".""}]","[{""word"": ""So"", ""head"": ""verbalizing"", ""relation"": ""advmod""}, {""word"": ""as"", ""head"": ""verbalizing"", ""relation"": ""prep""}, {""word"": ""the"", ""head"": ""facilitator"", ""relation"": ""det""}, {""word"": ""facilitator"", ""head"": ""as"", ""relation"": ""pobj""}, {""word"": "","", ""head"": ""verbalizing"", ""relation"": ""punct""}, {""word"": ""I"", ""head"": ""verbalizing"", ""relation"": ""nsubj""}, {""word"": ""will"", ""head"": ""verbalizing"", ""relation"": ""aux""}, {""word"": ""be"", ""head"": ""verbalizing"", ""relation"": ""aux""}, {""word"": ""verbalizing"", ""head"": ""verbalizing"", ""relation"": ""ROOT""}, {""word"": ""what"", ""head"": ""are"", ""relation"": ""attr""}, {""word"": ""those"", ""head"": ""are"", ""relation"": ""nsubj""}, {""word"": ""are"", ""head"": ""verbalizing"", ""relation"": ""ccomp""}, {""word"": ""if"", ""head"": ""assess"", ""relation"": ""mark""}, {""word"": ""the"", ""head"": ""participants"", ""relation"": ""det""}, {""word"": ""participants"", ""head"": ""assess"", ""relation"": ""nsubj""}, {""word"": ""actually"", ""head"": ""assess"", ""relation"": ""advmod""}, {""word"": ""assess"", ""head"": ""verbalizing"", ""relation"": ""advcl""}, {""word"": ""them"", ""head"": ""assess"", ""relation"": ""dobj""}, {""word"": ""or"", ""head"": ""assess"", ""relation"": ""cc""}, {""word"": ""look"", ""head"": ""assess"", ""relation"": ""conj""}, {""word"": ""for"", ""head"": ""look"", ""relation"": ""prep""}, {""word"": ""those"", ""head"": ""things"", ""relation"": ""det""}, {""word"": ""things"", ""head"": ""for"", ""relation"": ""pobj""}, {""word"": ""."", ""head"": ""verbalizing"", ""relation"": ""punct""}]",[],"{""label"": ""Medication"", ""confidence"": 0.357}"
00:00:53.106,00:00:53.406,SPEAKER_00,OK.,"[{""text"": ""OK"", ""pos"": ""INTJ"", ""lemma"": ""ok""}, {""text"": ""."", ""pos"": ""PUNCT"", ""lemma"": "".""}]","[{""word"": ""OK"", ""head"": ""OK"", ""relation"": ""ROOT""}, {""word"": ""."", ""head"": ""OK"", ""relation"": ""punct""}]",[],"{""label"": ""Airway"", ""confidence"": 0.376}"
00:00:54.246,00:00:54.448,SPEAKER_00,Chart 53.,"[{""text"": ""Chart"", ""pos"": ""PROPN"", ""lemma"": ""Chart""}, {""text"": ""53"", ""pos"": ""NUM"", ""lemma"": ""53""}, {""text"": ""."", ""pos"": ""PUNCT"", ""lemma"": "".""}]","[{""word"": ""Chart"", ""head"": ""Chart"", ""relation"": ""ROOT""}, {""word"": ""53"", ""head"": ""Chart"", ""relation"": ""nummod""}, {""word"": ""."", ""head"": ""Chart"", ""relation"": ""punct""}]",[],"{""label"": ""Medication"", ""confidence"": 0.345}"
00:00:56.374,00:01:00.296,SPEAKER_00,"27-year-old male, ATV rollover, no helmet, County Road 1643.","[{""text"": ""27"", ""pos"": ""NUM"", ""lemma"": ""27""}, {""text"": ""-"", ""pos"": ""PUNCT"", ""lemma"": ""-""}, {""text"": ""year"", ""pos"": ""NOUN"", ""lemma"": ""year""}, {""text"": ""-"", ""pos"": ""PUNCT"", ""lemma"": ""-""}, {""text"": ""old"", ""pos"": ""ADJ"", ""lemma"": ""old""}, {""text"": ""male"", ""pos"": ""NOUN"", ""lemma"": ""male""}, {""text"": "","", ""pos"": ""PUNCT"", ""lemma"": "",""}, {""text"": ""ATV"", ""pos"": ""PROPN"", ""lemma"": ""ATV""}, {""text"": ""rollover"", ""pos"": ""NOUN"", ""lemma"": ""rollover""}, {""text"": "","", ""pos"": ""PUNCT"", ""lemma"": "",""}, {""text"": ""helmet"", ""pos"": ""NOUN"", ""lemma"": ""helmet""}, {""text"": "","", ""pos"": ""PUNCT"", ""lemma"": "",""}, {""text"": ""County"", ""pos"": ""PROPN"", ""lemma"": ""County""}, {""text"": ""Road"", ""pos"": ""PROPN"", ""lemma"": ""Road""}, {""text"": ""1643"", ""pos"": ""NUM"", ""lemma"": ""1643""}, {""text"": ""."", ""pos"": ""PUNCT"", ""lemma"": "".""}]","[{""word"": ""27"", ""head"": ""year"", ""relation"": ""nummod""}, {""word"": ""-"", ""head"": ""year"", ""relation"": ""punct""}, {""word"": ""year"", ""head"": ""old"", ""relation"": ""npadvmod""}, {""word"": ""-"", ""head"": ""old"", ""relation"": ""punct""}, {""word"": ""old"", ""head"": ""male"", ""relation"": ""amod""}, {""word"": ""male"", ""head"": ""male"", ""relation"": ""ROOT""}, {""word"": "","", ""head"": ""male"", ""relation"": ""punct""}, {""word"": ""ATV"", ""head"": ""rollover"", ""relation"": ""compound""}, {""word"": ""rollover"", ""head"": ""male"", ""relation"": ""appos""}, {""word"": "","", ""head"": ""rollover"", ""relation"": ""punct""}, {""word"": ""no"", ""head"": ""helmet"", ""relation"": ""det""}, {""word"": ""helmet"", ""head"": ""rollover"", ""relation"": ""conj""}, {""word"": "","", ""head"": ""helmet"", ""relation"": ""punct""}, {""word"": ""County"", ""head"": ""Road"", ""relation"": ""compound""}, {""word"": ""Road"", ""head"": ""helmet"", ""relation"": ""conj""}, {""word"": ""1643"", ""head"": ""Road"", ""relation"": ""npadvmod""}, {""word"": ""."", ""head"": ""male"", ""relation"": ""punct""}]","[{""entity"": ""Age"", ""text"": ""27 - year - old"", ""score"": 0.9980000257492065}, {""entity"": ""Sex"", ""text"": ""male"", ""score"": 0.9950000047683716}, {""entity"": ""History"", ""text"": ""atv roll"", ""score"": 0.9539999961853027}, {""entity"": ""History"", ""text"": ""no helmet"", ""score"": 0.9520000219345093}]","{""label"": ""Medication"", ""confidence"": 0.345}"
00:01:00.337,00:01:00.896,SPEAKER_00,"Time now, 1430.","[{""text"": ""Time"", ""pos"": ""NOUN"", ""lemma"": ""time""}, {""text"": "","", ""pos"": ""PUNCT"", ""lemma"": "",""}, {""text"": ""1430"", ""pos"": ""NUM"", ""lemma"": ""1430""}, {""text"": ""."", ""pos"": ""PUNCT"", ""lemma"": "".""}]","[{""word"": ""Time"", ""head"": ""Time"", ""relation"": ""ROOT""}, {""word"": ""now"", ""head"": ""Time"", ""relation"": ""advmod""}, {""word"": "","", ""head"": ""now"", ""relation"": ""punct""}, {""word"": ""1430"", ""head"": ""now"", ""relation"": ""npadvmod""}, {""word"": ""."", ""head"": ""now"", ""relation"": ""punct""}]",[],"{""label"": ""Medication"", ""confidence"": 0.359}"
00:01:01.317,00:01:03.658,SPEAKER_00,"Roger that, we're on it.","[{""text"": ""Roger"", ""pos"": ""PROPN"", ""lemma"": ""Roger""}, {""text"": "","", ""pos"": ""PUNCT"", ""lemma"": "",""}, {""text"": ""."", ""pos"": ""PUNCT"", ""lemma"": "".""}]","[{""word"": ""Roger"", ""head"": ""'re"", ""relation"": ""npadvmod""}, {""word"": ""that"", ""head"": ""'re"", ""relation"": ""mark""}, {""word"": "","", ""head"": ""'re"", ""relation"": ""punct""}, {""word"": ""we"", ""head"": ""'re"", ""relation"": ""nsubj""}, {""word"": ""'re"", ""head"": ""'re"", ""relation"": ""ROOT""}, {""word"": ""on"", ""head"": ""'re"", ""relation"": ""prep""}, {""word"": ""it"", ""head"": ""on"", ""relation"": ""pobj""}, {""word"": ""."", ""head"": ""'re"", ""relation"": ""punct""}]",[],"{""label"": ""Airway"", ""confidence"": 0.364}"
00:01:03.738,00:01:03.978,SPEAKER_00,Hello!,"[{""text"": ""Hello"", ""pos"": ""INTJ"", ""lemma"": ""hello""}, {""text"": ""!"", ""pos"": ""PUNCT"", ""lemma"": ""!""}]","[{""word"": ""Hello"", ""head"": ""Hello"", ""relation"": ""ROOT""}, {""word"": ""!"", ""head"": ""Hello"", ""relation"": ""punct""}]","[{""entity"": ""Lab_value"", ""text"": ""hello"", ""score"": 0.5730000138282776}, {""entity"": ""Other_event"", ""text"": ""!"", ""score"": 0.14800000190734863}]","{""label"": ""Airway"", ""confidence"": 0.373}"
00:01:04.078,00:01:13.305,SPEAKER_00,"Alright, DSI, scene safe.","[{""text"": ""Alright"", ""pos"": ""INTJ"", ""lemma"": ""alright""}, {""text"": "","", ""pos"": ""PUNCT"", ""lemma"": "",""}, {""text"": ""DSI"", ""pos"": ""PROPN"", ""lemma"": ""DSI""}, {""text"": "","", ""pos"": ""PUNCT"", ""lemma"": "",""}, {""text"": ""scene"", ""pos"": ""NOUN"", ""lemma"": ""scene""}, {""text"": ""safe"", ""pos"": ""ADJ"", ""lemma"": ""safe""}, {""text"": ""."", ""pos"": ""PUNCT"", ""lemma"": "".""}]","[{""word"": ""Alright"", ""head"": ""safe"", ""relation"": ""intj""}, {""word"": "","", ""head"": ""safe"", ""relation"": ""punct""}, {""word"": ""DSI"", ""head"": "","", ""relation"": ""meta""}, {""word"": "","", ""head"": ""DSI"", ""relation"": ""punct""}, {""word"": ""scene"", ""head"": ""safe"", ""relation"": ""nsubj""}, {""word"": ""safe"", ""head"": ""safe"", ""relation"": ""ROOT""}, {""word"": ""."", ""head"": ""safe"", ""relation"": ""punct""}]",[],"{""label"": ""Medication"", ""confidence"": 0.356}"
00:01:14.525,00:01:17.608,SPEAKER_01,Looks like we have a 27-year-old male.,"[{""text"": ""Looks"", ""pos"": ""VERB"", ""lemma"": ""look""}, {""text"": ""like"", ""pos"": ""SCONJ"", ""lemma"": ""like""}, {""text"": ""27"", ""pos"": ""NUM"", ""lemma"": ""27""}, {""text"": ""-"", ""pos"": ""PUNCT"", ""lemma"": ""-""}, {""text"": ""year"", ""pos"": ""NOUN"", ""lemma"": ""year""}, {""text"": ""-"", ""pos"": ""PUNCT"", ""lemma"": ""-""}, {""text"": ""old"", ""pos"": ""ADJ"", ""lemma"": ""old""}, {""text"": ""male"", ""pos"": ""NOUN"", ""lemma"": ""male""}, {""text"": ""."", ""pos"": ""PUNCT"", ""lemma"": "".""}]","[{""word"": ""Looks"", ""head"": ""Looks"", ""relation"": ""ROOT""}, {""word"": ""like"", ""head"": ""have"", ""relation"": ""mark""}, {""word"": ""we"", ""head"": ""have"", ""relation"": ""nsubj""}, {""word"": ""have"", ""head"": ""Looks"", ""relation"": ""advcl""}, {""word"": ""a"", ""head"": ""male"", ""relation"": ""det""}, {""word"": ""27"", ""head"": ""year"", ""relation"": ""nummod""}, {""word"": ""-"", ""head"": ""year"", ""relation"": ""punct""}, {""word"": ""year"", ""head"": ""old"", ""relation"": ""npadvmod""}, {""word"": ""-"", ""head"": ""old"", ""relation"": ""punct""}, {""word"": ""old"", ""head"": ""male"", ""relation"": ""amod""}, {""word"": ""male"", ""head"": ""have"", ""relation"": ""dobj""}, {""word"": ""."", ""head"": ""Looks"", ""relation"": ""punct""}]","[{""entity"": ""Age"", ""text"": ""27 - year - old"", ""score"": 0.9169999957084656}]","{""label"": ""Airway"", ""confidence"": 0.352}"
00:01:25.849,00:01:26.570,SPEAKER_01,Unresponsive.,"[{""text"": ""Unresponsive"", ""pos"": ""ADJ"", ""lemma"": ""unresponsive""}, {""text"": ""."", ""pos"": ""PUNCT"", ""lemma"": "".""}]","[{""word"": ""Unresponsive"", ""head"": ""Unresponsive"", ""relation"": ""ROOT""}, {""word"": ""."", ""head"": ""Unresponsive"", ""relation"": ""punct""}]",[],"{""label"": ""Airway"", ""confidence"": 0.372}"
00:01:26.611,00:01:27.290,SPEAKER_01,"Sir, can you hear me?","[{""text"": ""Sir"", ""pos"": ""PROPN"", ""lemma"": ""Sir""}, {""text"": "","", ""pos"": ""PUNCT"", ""lemma"": "",""}, {""text"": ""hear"", ""pos"": ""VERB"", ""lemma"": ""hear""}, {""text"": ""?"", ""pos"": ""PUNCT"", ""lemma"": ""?""}]","[{""word"": ""Sir"", ""head"": ""hear"", ""relation"": ""npadvmod""}, {""word"": "","", ""head"": ""hear"", ""relation"": ""punct""}, {""word"": ""can"", ""head"": ""hear"", ""relation"": ""aux""}, {""word"": ""you"", ""head"": ""hear"", ""relation"": ""nsubj""}, {""word"": ""hear"", ""head"": ""hear"", ""relation"": ""ROOT""}, {""word"": ""me"", ""head"": ""hear"", ""relation"": ""dobj""}, {""word"": ""?"", ""head"": ""hear"", ""relation"": ""punct""}]",[],"{""label"": ""Airway"", ""confidence"": 0.359}"
00:01:27.311,00:01:28.852,SPEAKER_01,My name is Hans with the ambulance service.,"[{""text"": ""Hans"", ""pos"": ""PROPN"", ""lemma"": ""Hans""}, {""text"": ""ambulance"", ""pos"": ""NOUN"", ""lemma"": ""ambulance""}, {""text"": ""service"", ""pos"": ""NOUN"", ""lemma"": ""service""}, {""text"": ""."", ""pos"": ""PUNCT"", ""lemma"": "".""}]","[{""word"": ""My"", ""head"": ""name"", ""relation"": ""poss""}, {""word"": ""name"", ""head"": ""is"", ""relation"": ""nsubj""}, {""word"": ""is"", ""head"": ""is"", ""relation"": ""ROOT""}, {""word"": ""Hans"", ""head"": ""is"", ""relation"": ""attr""}, {""word"": ""with"", ""head"": ""Hans"", ""relation"": ""prep""}, {""word"": ""the"", ""head"": ""service"", ""relation"": ""det""}, {""word"": ""ambulance"", ""head"": ""service"", ""relation"": ""compound""}, {""word"": ""service"", ""head"": ""with"", ""relation"": ""pobj""}, {""word"": ""."", ""head"": ""is"", ""relation"": ""punct""}]",[],"{""label"": ""Airway"", ""confidence"": 0.365}"
00:01:28.871,00:01:29.593,SPEAKER_01,"My partner, Ted.","[{""text"": ""partner"", ""pos"": ""NOUN"", ""lemma"": ""partner""}, {""text"": "","", ""pos"": ""PUNCT"", ""lemma"": "",""}, {""text"": ""Ted"", ""pos"": ""PROPN"", ""lemma"": ""Ted""}, {""text"": ""."", ""pos"": ""PUNCT"", ""lemma"": "".""}]","[{""word"": ""My"", ""head"": ""partner"", ""relation"": ""poss""}, {""word"": ""partner"", ""head"": ""partner"", ""relation"": ""ROOT""}, {""word"": "","", ""head"": ""partner"", ""relation"": ""punct""}, {""word"": ""Ted"", ""head"": ""partner"", ""relation"": ""appos""}, {""word"": ""."", ""head"": ""partner"", ""relation"": ""punct""}]",[],"{""label"": ""Airway"", ""confidence"": 0.357}"
00:01:29.612,00:01:30.293,SPEAKER_00,"Can you hear me, sir?","[{""text"": ""hear"", ""pos"": ""VERB"", ""lemma"": ""hear""}, {""text"": "","", ""pos"": ""PUNCT"", ""lemma"": "",""}, {""text"": ""sir"", ""pos"": ""PROPN"", ""lemma"": ""sir""}, {""text"": ""?"", ""pos"": ""PUNCT"", ""lemma"": ""?""}]","[{""word"": ""Can"", ""head"": ""hear"", ""relation"": ""aux""}, {""word"": ""you"", ""head"": ""hear"", ""relation"": ""nsubj""}, {""word"": ""hear"", ""head"": ""hear"", ""relation"": ""ROOT""}, {""word"": ""me"", ""head"": ""hear"", ""relation"": ""dobj""}, {""word"": "","", ""head"": ""hear"", ""relation"": ""punct""}, {""word"": ""sir"", ""head"": ""hear"", ""relation"": ""npadvmod""}, {""word"": ""?"", ""head"": ""hear"", ""relation"": ""punct""}]","[{""entity"": ""Detailed_description"", ""text"": ""can"", ""score"": 0.5730000138282776}]","{""label"": ""Medication"", ""confidence"": 0.358}"
00:01:30.313,00:01:32.635,SPEAKER_01,Can you hear me?,"[{""text"": ""hear"", ""pos"": ""VERB"", ""lemma"": ""hear""}, {""text"": ""?"", ""pos"": ""PUNCT"", ""lemma"": ""?""}]","[{""word"": ""Can"", ""head"": ""hear"", ""relation"": ""aux""}, {""word"": ""you"", ""head"": ""hear"", ""relation"": ""nsubj""}, {""word"": ""hear"", ""head"": ""hear"", ""relation"": ""ROOT""}, {""word"": ""me"", ""head"": ""hear"", ""relation"": ""dobj""}, {""word"": ""?"", ""head"": ""hear"", ""relation"": ""punct""}]","[{""entity"": ""Detailed_description"", ""text"": ""can"", ""score"": 0.26100000739097595}, {""entity"": ""Sign_symptom"", ""text"": ""?"", ""score"": 0.11900000274181366}]","{""label"": ""Airway"", ""confidence"": 0.366}"
00:01:33.174,00:01:33.615,SPEAKER_01,Unresponsive.,"[{""text"": ""Unresponsive"", ""pos"": ""ADJ"", ""lemma"": ""unresponsive""}, {""text"": ""."", ""pos"": ""PUNCT"", ""lemma"": "".""}]","[{""word"": ""Unresponsive"", ""head"": ""Unresponsive"", ""relation"": ""ROOT""}, {""word"": ""."", ""head"": ""Unresponsive"", ""relation"": ""punct""}]",[],"{""label"": ""Airway"", ""confidence"": 0.372}"
00:01:33.635,00:01:34.495,SPEAKER_01,Let's get to the vitals here.,"[{""text"": ""Let"", ""pos"": ""VERB"", ""lemma"": ""let""}, {""text"": ""vitals"", ""pos"": ""NOUN"", ""lemma"": ""vital""}, {""text"": ""."", ""pos"": ""PUNCT"", ""lemma"": "".""}]","[{""word"": ""Let"", ""head"": ""Let"", ""relation"": ""ROOT""}, {""word"": ""'s"", ""head"": ""get"", ""relation"": ""nsubj""}, {""word"": ""get"", ""head"": ""Let"", ""relation"": ""ccomp""}, {""word"": ""to"", ""head"": ""get"", ""relation"": ""prep""}, {""word"": ""the"", ""head"": ""vitals"", ""relation"": ""det""}, {""word"": ""vitals"", ""head"": ""to"", ""relation"": ""pobj""}, {""word"": ""here"", ""head"": ""get"", ""relation"": ""advmod""}, {""word"": ""."", ""head"": ""Let"", ""relation"": ""punct""}]",[],"{""label"": ""Airway"", ""confidence"": 0.364}"
00:01:34.555,00:01:36.037,SPEAKER_01,I'm going to start checking for any injuries.,"[{""text"": ""going"", ""pos"": ""VERB"", ""lemma"": ""go""}, {""text"": ""start"", ""pos"": ""VERB"", ""lemma"": ""start""}, {""text"": ""checking"", ""pos"": ""VERB"", ""lemma"": ""check""}, {""text"": ""injuries"", ""pos"": ""NOUN"", ""lemma"": ""injury""}, {""text"": ""."", ""pos"": ""PUNCT"", ""lemma"": "".""}]","[{""word"": ""I"", ""head"": ""going"", ""relation"": ""nsubj""}, {""word"": ""'m"", ""head"": ""going"", ""relation"": ""aux""}, {""word"": ""going"", ""head"": ""going"", ""relation"": ""ROOT""}, {""word"": ""to"", ""head"": ""start"", ""relation"": ""aux""}, {""word"": ""start"", ""head"": ""going"", ""relation"": ""xcomp""}, {""word"": ""checking"", ""head"": ""start"", ""relation"": ""xcomp""}, {""word"": ""for"", ""head"": ""checking"", ""relation"": ""prep""}, {""word"": ""any"", ""head"": ""injuries"", ""relation"": ""det""}, {""word"": ""injuries"", ""head"": ""for"", ""relation"": ""pobj""}, {""word"": ""."", ""head"": ""going"", ""relation"": ""punct""}]",[],"{""label"": ""Airway"", ""confidence"": 0.372}"
00:01:38.578,00:01:40.721,SPEAKER_01,"My pen light, shiny eyes.","[{""text"": ""pen"", ""pos"": ""NOUN"", ""lemma"": ""pen""}, {""text"": ""light"", ""pos"": ""NOUN"", ""lemma"": ""light""}, {""text"": "","", ""pos"": ""PUNCT"", ""lemma"": "",""}, {""text"": ""shiny"", ""pos"": ""ADJ"", ""lemma"": ""shiny""}, {""text"": ""eyes"", ""pos"": ""NOUN"", ""lemma"": ""eye""}, {""text"": ""."", ""pos"": ""PUNCT"", ""lemma"": "".""}]","[{""word"": ""My"", ""head"": ""light"", ""relation"": ""poss""}, {""word"": ""pen"", ""head"": ""light"", ""relation"": ""compound""}, {""word"": ""light"", ""head"": ""light"", ""relation"": ""ROOT""}, {""word"": "","", ""head"": ""light"", ""relation"": ""punct""}, {""word"": ""shiny"", ""head"": ""eyes"", ""relation"": ""amod""}, {""word"": ""eyes"", ""head"": ""light"", ""relation"": ""appos""}, {""word"": ""."", ""head"": ""light"", ""relation"": ""punct""}]","[{""entity"": ""Biological_structure"", ""text"": ""pen"", ""score"": 0.36000001430511475}, {""entity"": ""Lab_value"", ""text"": ""light"", ""score"": 0.753000020980835}, {""entity"": ""Color"", ""text"": ""shiny"", ""score"": 0.2939999997615814}]","{""label"": ""Medication"", ""confidence"": 0.355}"
00:01:41.001,00:01:41.861,SPEAKER_01,Pupils react to light?,"[{""text"": ""Pupils"", ""pos"": ""NOUN"", ""lemma"": ""pupil""}, {""text"": ""react"", ""pos"": ""VERB"", ""lemma"": ""react""}, {""text"": ""light"", ""pos"": ""NOUN"", ""lemma"": ""light""}, {""text"": ""?"", ""pos"": ""PUNCT"", ""lemma"": ""?""}]","[{""word"": ""Pupils"", ""head"": ""react"", ""relation"": ""nsubj""}, {""word"": ""react"", ""head"": ""react"", ""relation"": ""ROOT""}, {""word"": ""to"", ""head"": ""react"", ""relation"": ""prep""}, {""word"": ""light"", ""head"": ""to"", ""relation"": ""pobj""}, {""word"": ""?"", ""head"": ""react"", ""relation"": ""punct""}]","[{""entity"": ""Sign_symptom"", ""text"": ""pupils react"", ""score"": 0.9020000100135803}]","{""label"": ""Airway"", ""confidence"": 0.361}"
00:01:42.242,00:01:43.942,SPEAKER_00,Pupils are reactive to light.,"[{""text"": ""Pupils"", ""pos"": ""NOUN"", ""lemma"": ""pupil""}, {""text"": ""reactive"", ""pos"": ""ADJ"", ""lemma"": ""reactive""}, {""text"": ""light"", ""pos"": ""NOUN"", ""lemma"": ""light""}, {""text"": ""."", ""pos"": ""PUNCT"", ""lemma"": "".""}]","[{""word"": ""Pupils"", ""head"": ""are"", ""relation"": ""nsubj""}, {""word"": ""are"", ""head"": ""are"", ""relation"": ""ROOT""}, {""word"": ""reactive"", ""head"": ""are"", ""relation"": ""acomp""}, {""word"": ""to"", ""head"": ""reactive"", ""relation"": ""prep""}, {""word"": ""light"", ""head"": ""to"", ""relation"": ""pobj""}, {""word"": ""."", ""head"": ""are"", ""relation"": ""punct""}]","[{""entity"": ""Biological_structure"", ""text"": ""pupils"", ""score"": 0.9449999928474426}]","{""label"": ""Airway"", ""confidence"": 0.365}"
00:01:44.603,00:01:48.286,SPEAKER_01,"Checking for any decapital loss in the head, eye injuries, mouth, nose.","[{""text"": ""Checking"", ""pos"": ""VERB"", ""lemma"": ""check""}, {""text"": ""decapital"", ""pos"": ""ADJ"", ""lemma"": ""decapital""}, {""text"": ""loss"", ""pos"": ""NOUN"", ""lemma"": ""loss""}, {""text"": ""head"", ""pos"": ""NOUN"", ""lemma"": ""head""}, {""text"": "","", ""pos"": ""PUNCT"", ""lemma"": "",""}, {""text"": ""eye"", ""pos"": ""NOUN"", ""lemma"": ""eye""}, {""text"": ""injuries"", ""pos"": ""NOUN"", ""lemma"": ""injury""}, {""text"": "","", ""pos"": ""PUNCT"", ""lemma"": "",""}, {""text"": ""mouth"", ""pos"": ""NOUN"", ""lemma"": ""mouth""}, {""text"": "","", ""pos"": ""PUNCT"", ""lemma"": "",""}, {""text"": ""nose"", ""pos"": ""NOUN"", ""lemma"": ""nose""}, {""text"": ""."", ""pos"": ""PUNCT"", ""lemma"": "".""}]","[{""word"": ""Checking"", ""head"": ""Checking"", ""relation"": ""ROOT""}, {""word"": ""for"", ""head"": ""Checking"", ""relation"": ""prep""}, {""word"": ""any"", ""head"": ""loss"", ""relation"": ""det""}, {""word"": ""decapital"", ""head"": ""loss"", ""relation"": ""amod""}, {""word"": ""loss"", ""head"": ""for"", ""relation"": ""pobj""}, {""word"": ""in"", ""head"": ""loss"", ""relation"": ""prep""}, {""word"": ""the"", ""head"": ""head"", ""relation"": ""det""}, {""word"": ""head"", ""head"": ""in"", ""relation"": ""pobj""}, {""word"": "","", ""head"": ""head"", ""relation"": ""punct""}, {""word"": ""eye"", ""head"": ""injuries"", ""relation"": ""compound""}, {""word"": ""injuries"", ""head"": ""head"", ""relation"": ""conj""}, {""word"": "","", ""head"": ""injuries"", ""relation"": ""punct""}, {""word"": ""mouth"", ""head"": ""nose"", ""relation"": ""nmod""}, {""word"": "","", ""head"": ""mouth"", ""relation"": ""punct""}, {""word"": ""nose"", ""head"": ""injuries"", ""relation"": ""appos""}, {""word"": ""."", ""head"": ""Checking"", ""relation"": ""punct""}]","[{""entity"": ""Sign_symptom"", ""text"": ""dec"", ""score"": 0.5}, {""entity"": ""Disease_disorder"", ""text"": ""loss"", ""score"": 0.8130000233650208}]","{""label"": ""Airway"", ""confidence"": 0.367}"
00:01:48.305,00:01:49.087,SPEAKER_01,Negative.,"[{""text"": ""Negative"", ""pos"": ""ADJ"", ""lemma"": ""negative""}, {""text"": ""."", ""pos"": ""PUNCT"", ""lemma"": "".""}]","[{""word"": ""Negative"", ""head"": ""Negative"", ""relation"": ""ROOT""}, {""word"": ""."", ""head"": ""Negative"", ""relation"": ""punct""}]",[],"{""label"": ""Airway"", ""confidence"": 0.362}"
00:01:49.406,00:01:50.787,SPEAKER_01,"JVD, tracheal deviation.","[{""text"": ""JVD"", ""pos"": ""PROPN"", ""lemma"": ""JVD""}, {""text"": "","", ""pos"": ""PUNCT"", ""lemma"": "",""}, {""text"": ""tracheal"", ""pos"": ""NOUN"", ""lemma"": ""tracheal""}, {""text"": ""deviation"", ""pos"": ""NOUN"", ""lemma"": ""deviation""}, {""text"": ""."", ""pos"": ""PUNCT"", ""lemma"": "".""}]","[{""word"": ""JVD"", ""head"": ""JVD"", ""relation"": ""ROOT""}, {""word"": "","", ""head"": ""JVD"", ""relation"": ""punct""}, {""word"": ""tracheal"", ""head"": ""deviation"", ""relation"": ""compound""}, {""word"": ""deviation"", ""head"": ""JVD"", ""relation"": ""appos""}, {""word"": ""."", ""head"": ""JVD"", ""relation"": ""punct""}]","[{""entity"": ""Biological_structure"", ""text"": ""tr"", ""score"": 0.9869999885559082}, {""entity"": ""Biological_structure"", ""text"": ""##ache"", ""score"": 0.9269999861717224}, {""entity"": ""Biological_structure"", ""text"": ""##al"", ""score"": 0.8569999933242798}]","{""label"": ""Airway"", ""confidence"": 0.378}"
00:01:50.808,00:01:51.308,SPEAKER_01,Negative.,"[{""text"": ""Negative"", ""pos"": ""ADJ"", ""lemma"": ""negative""}, {""text"": ""."", ""pos"": ""PUNCT"", ""lemma"": "".""}]","[{""word"": ""Negative"", ""head"": ""Negative"", ""relation"": ""ROOT""}, {""word"": ""."", ""head"": ""Negative"", ""relation"": ""punct""}]",[],"{""label"": ""Airway"", ""confidence"": 0.362}"
00:01:51.909,00:01:52.870,SPEAKER_01,Any clavicle injuries?,"[{""text"": ""clavicle"", ""pos"": ""NOUN"", ""lemma"": ""clavicle""}, {""text"": ""injuries"", ""pos"": ""NOUN"", ""lemma"": ""injury""}, {""text"": ""?"", ""pos"": ""PUNCT"", ""lemma"": ""?""}]","[{""word"": ""Any"", ""head"": ""injuries"", ""relation"": ""det""}, {""word"": ""clavicle"", ""head"": ""injuries"", ""relation"": ""compound""}, {""word"": ""injuries"", ""head"": ""injuries"", ""relation"": ""ROOT""}, {""word"": ""?"", ""head"": ""injuries"", ""relation"": ""punct""}]","[{""entity"": ""Biological_structure"", ""text"": ""##cle"", ""score"": 0.8709999918937683}]","{""label"": ""Airway"", ""confidence"": 0.374}"
00:01:53.875,00:01:54.094,SPEAKER_01,Negative.,"[{""text"": ""Negative"", ""pos"": ""ADJ"", ""lemma"": ""negative""}, {""text"": ""."", ""pos"": ""PUNCT"", ""lemma"": "".""}]","[{""word"": ""Negative"", ""head"": ""Negative"", ""relation"": ""ROOT""}, {""word"": ""."", ""head"": ""Negative"", ""relation"": ""punct""}]",[],"{""label"": ""Airway"", ""confidence"": 0.362}"
00:01:54.114,00:01:55.977,SPEAKER_01,I'm going to also take the lung sounds here.,"[{""text"": ""going"", ""pos"": ""VERB"", ""lemma"": ""go""}, {""text"": ""lung"", ""pos"": ""NOUN"", ""lemma"": ""lung""}, {""text"": ""sounds"", ""pos"": ""VERB"", ""lemma"": ""sound""}, {""text"": ""."", ""pos"": ""PUNCT"", ""lemma"": "".""}]","[{""word"": ""I"", ""head"": ""going"", ""relation"": ""nsubj""}, {""word"": ""'m"", ""head"": ""going"", ""relation"": ""aux""}, {""word"": ""going"", ""head"": ""going"", ""relation"": ""ROOT""}, {""word"": ""to"", ""head"": ""take"", ""relation"": ""aux""}, {""word"": ""also"", ""head"": ""take"", ""relation"": ""advmod""}, {""word"": ""take"", ""head"": ""going"", ""relation"": ""xcomp""}, {""word"": ""the"", ""head"": ""sounds"", ""relation"": ""det""}, {""word"": ""lung"", ""head"": ""sounds"", ""relation"": ""compound""}, {""word"": ""sounds"", ""head"": ""take"", ""relation"": ""dobj""}, {""word"": ""here"", ""head"": ""take"", ""relation"": ""advmod""}, {""word"": ""."", ""head"": ""going"", ""relation"": ""punct""}]","[{""entity"": ""Biological_structure"", ""text"": ""lung"", ""score"": 0.996999979019165}]","{""label"": ""Airway"", ""confidence"": 0.359}"
00:01:55.996,00:02:06.486,SPEAKER_01,"Okay, no lung sounds on the right.","[{""text"": ""Okay"", ""pos"": ""INTJ"", ""lemma"": ""okay""}, {""text"": "","", ""pos"": ""PUNCT"", ""lemma"": "",""}, {""text"": ""lung"", ""pos"": ""NOUN"", ""lemma"": ""lung""}, {""text"": ""sounds"", ""pos"": ""VERB"", ""lemma"": ""sound""}, {""text"": ""right"", ""pos"": ""NOUN"", ""lemma"": ""right""}, {""text"": ""."", ""pos"": ""PUNCT"", ""lemma"": "".""}]","[{""word"": ""Okay"", ""head"": ""sounds"", ""relation"": ""intj""}, {""word"": "","", ""head"": ""sounds"", ""relation"": ""punct""}, {""word"": ""no"", ""head"": ""lung"", ""relation"": ""det""}, {""word"": ""lung"", ""head"": ""sounds"", ""relation"": ""nsubj""}, {""word"": ""sounds"", ""head"": ""sounds"", ""relation"": ""ROOT""}, {""word"": ""on"", ""head"": ""sounds"", ""relation"": ""prep""}, {""word"": ""the"", ""head"": ""right"", ""relation"": ""det""}, {""word"": ""right"", ""head"": ""on"", ""relation"": ""pobj""}, {""word"": ""."", ""head"": ""sounds"", ""relation"": ""punct""}]","[{""entity"": ""Sign_symptom"", ""text"": ""lung"", ""score"": 0.5339999794960022}]","{""label"": ""Medication"", ""confidence"": 0.347}"
00:02:06.506,00:02:07.307,SPEAKER_01,That's correct.,"[{""text"": ""correct"", ""pos"": ""ADJ"", ""lemma"": ""correct""}, {""text"": ""."", ""pos"": ""PUNCT"", ""lemma"": "".""}]","[{""word"": ""That"", ""head"": ""'s"", ""relation"": ""nsubj""}, {""word"": ""'s"", ""head"": ""'s"", ""relation"": ""ROOT""}, {""word"": ""correct"", ""head"": ""'s"", ""relation"": ""acomp""}, {""word"": ""."", ""head"": ""'s"", ""relation"": ""punct""}]",[],"{""label"": ""Airway"", ""confidence"": 0.363}"
00:02:07.466,00:02:08.427,SPEAKER_01,I'm going to confirm that.,"[{""text"": ""going"", ""pos"": ""VERB"", ""lemma"": ""go""}, {""text"": ""confirm"", ""pos"": ""VERB"", ""lemma"": ""confirm""}, {""text"": ""."", ""pos"": ""PUNCT"", ""lemma"": "".""}]","[{""word"": ""I"", ""head"": ""going"", ""relation"": ""nsubj""}, {""word"": ""'m"", ""head"": ""going"", ""relation"": ""aux""}, {""word"": ""going"", ""head"": ""going"", ""relation"": ""ROOT""}, {""word"": ""to"", ""head"": ""confirm"", ""relation"": ""aux""}, {""word"": ""confirm"", ""head"": ""going"", ""relation"": ""xcomp""}, {""word"": ""that"", ""head"": ""confirm"", ""relation"": ""dobj""}, {""word"": ""."", ""head"": ""going"", ""relation"": ""punct""}]",[],"{""label"": ""Airway"", ""confidence"": 0.371}"
00:02:08.448,00:02:10.128,SPEAKER_01,I only have the chest wires on the left.,"[{""text"": ""chest"", ""pos"": ""NOUN"", ""lemma"": ""chest""}, {""text"": ""wires"", ""pos"": ""NOUN"", ""lemma"": ""wire""}, {""text"": ""left"", ""pos"": ""NOUN"", ""lemma"": ""left""}, {""text"": ""."", ""pos"": ""PUNCT"", ""lemma"": "".""}]","[{""word"": ""I"", ""head"": ""have"", ""relation"": ""nsubj""}, {""word"": ""only"", ""head"": ""have"", ""relation"": ""advmod""}, {""word"": ""have"", ""head"": ""have"", ""relation"": ""ROOT""}, {""word"": ""the"", ""head"": ""wires"", ""relation"": ""det""}, {""word"": ""chest"", ""head"": ""wires"", ""relation"": ""compound""}, {""word"": ""wires"", ""head"": ""have"", ""relation"": ""dobj""}, {""word"": ""on"", ""head"": ""wires"", ""relation"": ""prep""}, {""word"": ""the"", ""head"": ""left"", ""relation"": ""det""}, {""word"": ""left"", ""head"": ""on"", ""relation"": ""pobj""}, {""word"": ""."", ""head"": ""have"", ""relation"": ""punct""}]","[{""entity"": ""Detailed_description"", ""text"": ""chest"", ""score"": 0.8140000104904175}]","{""label"": ""Airway"", ""confidence"": 0.363}"
00:02:11.229,00:02:11.890,SPEAKER_01,"That's correct, yep.","[{""text"": ""correct"", ""pos"": ""ADJ"", ""lemma"": ""correct""}, {""text"": "","", ""pos"": ""PUNCT"", ""lemma"": "",""}, {""text"": ""yep"", ""pos"": ""PROPN"", ""lemma"": ""yep""}, {""text"": ""."", ""pos"": ""PUNCT"", ""lemma"": "".""}]","[{""word"": ""That"", ""head"": ""'s"", ""relation"": ""nsubj""}, {""word"": ""'s"", ""head"": ""'s"", ""relation"": ""ROOT""}, {""word"": ""correct"", ""head"": ""'s"", ""relation"": ""acomp""}, {""word"": "","", ""head"": ""'s"", ""relation"": ""punct""}, {""word"": ""yep"", ""head"": ""'s"", ""relation"": ""npadvmod""}, {""word"": ""."", ""head"": ""'s"", ""relation"": ""punct""}]",[],"{""label"": ""Airway"", ""confidence"": 0.353}"
00:02:11.911,00:02:13.611,SPEAKER_01,"Okay, so we have a possible tension pneumo.","[{""text"": ""Okay"", ""pos"": ""INTJ"", ""lemma"": ""okay""}, {""text"": "","", ""pos"": ""PUNCT"", ""lemma"": "",""}, {""text"": ""possible"", ""pos"": ""ADJ"", ""lemma"": ""possible""}, {""text"": ""tension"", ""pos"": ""NOUN"", ""lemma"": ""tension""}, {""text"": ""pneumo"", ""pos"": ""ADJ"", ""lemma"": ""pneumo""}, {""text"": ""."", ""pos"": ""PUNCT"", ""lemma"": "".""}]","[{""word"": ""Okay"", ""head"": ""have"", ""relation"": ""intj""}, {""word"": "","", ""head"": ""have"", ""relation"": ""punct""}, {""word"": ""so"", ""head"": ""have"", ""relation"": ""advmod""}, {""word"": ""we"", ""head"": ""have"", ""relation"": ""nsubj""}, {""word"": ""have"", ""head"": ""have"", ""relation"": ""ROOT""}, {""word"": ""a"", ""head"": ""tension"", ""relation"": ""det""}, {""word"": ""possible"", ""head"": ""tension"", ""relation"": ""amod""}, {""word"": ""tension"", ""head"": ""have"", ""relation"": ""dobj""}, {""word"": ""pneumo"", ""head"": ""tension"", ""relation"": ""amod""}, {""word"": ""."", ""head"": ""have"", ""relation"": ""punct""}]","[{""entity"": ""Therapeutic_procedure"", ""text"": ""tension"", ""score"": 0.6470000147819519}]","{""label"": ""Airway"", ""confidence"": 0.398}"
00:02:13.632,00:02:17.836,SPEAKER_01,"I'm going to stop right there and we're going to actually, I'm going to grab you the needle out of the bag there.","[{""text"": ""going"", ""pos"": ""VERB"", ""lemma"": ""go""}, {""text"": ""stop"", ""pos"": ""VERB"", ""lemma"": ""stop""}, {""text"": ""right"", ""pos"": ""ADV"", ""lemma"": ""right""}, {""text"": ""going"", ""pos"": ""VERB"", ""lemma"": ""go""}, {""text"": ""actually"", ""pos"": ""ADV"", ""lemma"": ""actually""}, {""text"": "","", ""pos"": ""PUNCT"", ""lemma"": "",""}, {""text"": ""going"", ""pos"": ""VERB"", ""lemma"": ""go""}, {""text"": ""grab"", ""pos"": ""VERB"", ""lemma"": ""grab""}, {""text"": ""needle"", ""pos"": ""NOUN"", ""lemma"": ""needle""}, {""text"": ""bag"", ""pos"": ""NOUN"", ""lemma"": ""bag""}, {""text"": ""."", ""pos"": ""PUNCT"", ""lemma"": "".""}]","[{""word"": ""I"", ""head"": ""going"", ""relation"": ""nsubj""}, {""word"": ""'m"", ""head"": ""going"", ""relation"": ""aux""}, {""word"": ""going"", ""head"": ""going"", ""relation"": ""ccomp""}, {""word"": ""to"", ""head"": ""stop"", ""relation"": ""aux""}, {""word"": ""stop"", ""head"": ""going"", ""relation"": ""xcomp""}, {""word"": ""right"", ""head"": ""there"", ""relation"": ""advmod""}, {""word"": ""there"", ""head"": ""stop"", ""relation"": ""advmod""}, {""word"": ""and"", ""head"": ""going"", ""relation"": ""cc""}, {""word"": ""we"", ""head"": ""going"", ""relation"": ""nsubj""}, {""word"": ""'re"", ""head"": ""going"", ""relation"": ""aux""}, {""word"": ""going"", ""head"": ""going"", ""relation"": ""ccomp""}, {""word"": ""to"", ""head"": ""going"", ""relation"": ""prep""}, {""word"": ""actually"", ""head"": ""going"", ""relation"": ""advmod""}, {""word"": "","", ""head"": ""going"", ""relation"": ""punct""}, {""word"": ""I"", ""head"": ""going"", ""relation"": ""nsubj""}, {""word"": ""'m"", ""head"": ""going"", ""relation"": ""aux""}, {""word"": ""going"", ""head"": ""going"", ""relation"": ""ROOT""}, {""word"": ""to"", ""head"": ""grab"", ""relation"": ""aux""}, {""word"": ""grab"", ""head"": ""going"", ""relation"": ""xcomp""}, {""word"": ""you"", ""head"": ""grab"", ""relation"": ""dative""}, {""word"": ""the"", ""head"": ""needle"", ""relation"": ""det""}, {""word"": ""needle"", ""head"": ""grab"", ""relation"": ""dobj""}, {""word"": ""out"", ""head"": ""grab"", ""relation"": ""prep""}, {""word"": ""of"", ""head"": ""out"", ""relation"": ""prep""}, {""word"": ""the"", ""head"": ""bag"", ""relation"": ""det""}, {""word"": ""bag"", ""head"": ""of"", ""relation"": ""pobj""}, {""word"": ""there"", ""head"": ""grab"", ""relation"": ""advmod""}, {""word"": ""."", ""head"": ""going"", ""relation"": ""punct""}]",[],"{""label"": ""Airway"", ""confidence"": 0.364}"
00:02:17.855,00:02:19.578,SPEAKER_01,We're going to needle the chest here.,"[{""text"": ""going"", ""pos"": ""VERB"", ""lemma"": ""go""}, {""text"": ""needle"", ""pos"": ""VERB"", ""lemma"": ""needle""}, {""text"": ""chest"", ""pos"": ""NOUN"", ""lemma"": ""chest""}, {""text"": ""."", ""pos"": ""PUNCT"", ""lemma"": "".""}]","[{""word"": ""We"", ""head"": ""going"", ""relation"": ""nsubj""}, {""word"": ""'re"", ""head"": ""going"", ""relation"": ""aux""}, {""word"": ""going"", ""head"": ""going"", ""relation"": ""ROOT""}, {""word"": ""to"", ""head"": ""needle"", ""relation"": ""aux""}, {""word"": ""needle"", ""head"": ""going"", ""relation"": ""xcomp""}, {""word"": ""the"", ""head"": ""chest"", ""relation"": ""det""}, {""word"": ""chest"", ""head"": ""needle"", ""relation"": ""dobj""}, {""word"": ""here"", ""head"": ""needle"", ""relation"": ""advmod""}, {""word"": ""."", ""head"": ""going"", ""relation"": ""punct""}]","[{""entity"": ""Therapeutic_procedure"", ""text"": ""needle"", ""score"": 0.949999988079071}]","{""label"": ""Airway"", ""confidence"": 0.36}"
00:02:20.150,00:02:25.793,SPEAKER_01,"I'm going to do a second intercostal space, mid-tellicular, just above the rib.","[{""text"": ""going"", ""pos"": ""VERB"", ""lemma"": ""go""}, {""text"": ""second"", ""pos"": ""ADJ"", ""lemma"": ""second""}, {""text"": ""intercostal"", ""pos"": ""ADJ"", ""lemma"": ""intercostal""}, {""text"": ""space"", ""pos"": ""NOUN"", ""lemma"": ""space""}, {""text"": "","", ""pos"": ""PUNCT"", ""lemma"": "",""}, {""text"": ""mid"", ""pos"": ""ADJ"", ""lemma"": ""mid""}, {""text"": ""-"", ""pos"": ""NOUN"", ""lemma"": ""-""}, {""text"": ""tellicular"", ""pos"": ""ADJ"", ""lemma"": ""tellicular""}, {""text"": "","", ""pos"": ""PUNCT"", ""lemma"": "",""}, {""text"": ""rib"", ""pos"": ""NOUN"", ""lemma"": ""rib""}, {""text"": ""."", ""pos"": ""PUNCT"", ""lemma"": "".""}]","[{""word"": ""I"", ""head"": ""going"", ""relation"": ""nsubj""}, {""word"": ""'m"", ""head"": ""going"", ""relation"": ""aux""}, {""word"": ""going"", ""head"": ""going"", ""relation"": ""ROOT""}, {""word"": ""to"", ""head"": ""do"", ""relation"": ""aux""}, {""word"": ""do"", ""head"": ""going"", ""relation"": ""xcomp""}, {""word"": ""a"", ""head"": ""space"", ""relation"": ""det""}, {""word"": ""second"", ""head"": ""space"", ""relation"": ""amod""}, {""word"": ""intercostal"", ""head"": ""space"", ""relation"": ""amod""}, {""word"": ""space"", ""head"": ""do"", ""relation"": ""dobj""}, {""word"": "","", ""head"": ""space"", ""relation"": ""punct""}, {""word"": ""mid"", ""head"": ""space"", ""relation"": ""appos""}, {""word"": ""-"", ""head"": ""space"", ""relation"": ""appos""}, {""word"": ""tellicular"", ""head"": ""space"", ""relation"": ""amod""}, {""word"": "","", ""head"": ""space"", ""relation"": ""punct""}, {""word"": ""just"", ""head"": ""above"", ""relation"": ""advmod""}, {""word"": ""above"", ""head"": ""do"", ""relation"": ""prep""}, {""word"": ""the"", ""head"": ""rib"", ""relation"": ""det""}, {""word"": ""rib"", ""head"": ""above"", ""relation"": ""pobj""}, {""word"": ""."", ""head"": ""going"", ""relation"": ""punct""}]",[],"{""label"": ""Medication"", ""confidence"": 0.353}"
00:02:25.893,00:02:32.918,SPEAKER_01,I'm actually going to need a little chest because that's expensive.,"[{""text"": ""actually"", ""pos"": ""ADV"", ""lemma"": ""actually""}, {""text"": ""going"", ""pos"": ""VERB"", ""lemma"": ""go""}, {""text"": ""need"", ""pos"": ""VERB"", ""lemma"": ""need""}, {""text"": ""little"", ""pos"": ""ADJ"", ""lemma"": ""little""}, {""text"": ""chest"", ""pos"": ""NOUN"", ""lemma"": ""chest""}, {""text"": ""expensive"", ""pos"": ""ADJ"", ""lemma"": ""expensive""}, {""text"": ""."", ""pos"": ""PUNCT"", ""lemma"": "".""}]","[{""word"": ""I"", ""head"": ""going"", ""relation"": ""nsubj""}, {""word"": ""'m"", ""head"": ""going"", ""relation"": ""aux""}, {""word"": ""actually"", ""head"": ""going"", ""relation"": ""advmod""}, {""word"": ""going"", ""head"": ""going"", ""relation"": ""ROOT""}, {""word"": ""to"", ""head"": ""need"", ""relation"": ""aux""}, {""word"": ""need"", ""head"": ""going"", ""relation"": ""xcomp""}, {""word"": ""a"", ""head"": ""chest"", ""relation"": ""det""}, {""word"": ""little"", ""head"": ""chest"", ""relation"": ""amod""}, {""word"": ""chest"", ""head"": ""need"", ""relation"": ""dobj""}, {""word"": ""because"", ""head"": ""'s"", ""relation"": ""mark""}, {""word"": ""that"", ""head"": ""'s"", ""relation"": ""nsubj""}, {""word"": ""'s"", ""head"": ""going"", ""relation"": ""advcl""}, {""word"": ""expensive"", ""head"": ""'s"", ""relation"": ""acomp""}, {""word"": ""."", ""head"": ""going"", ""relation"": ""punct""}]","[{""entity"": ""Therapeutic_procedure"", ""text"": ""chest"", ""score"": 0.4359999895095825}]","{""label"": ""Airway"", ""confidence"": 0.367}"
00:02:34.038,00:02:35.618,SPEAKER_01,"Okay, need a little chest.","[{""text"": ""Okay"", ""pos"": ""INTJ"", ""lemma"": ""okay""}, {""text"": "","", ""pos"": ""PUNCT"", ""lemma"": "",""}, {""text"": ""need"", ""pos"": ""VERB"", ""lemma"": ""need""}, {""text"": ""little"", ""pos"": ""ADJ"", ""lemma"": ""little""}, {""text"": ""chest"", ""pos"": ""NOUN"", ""lemma"": ""chest""}, {""text"": ""."", ""pos"": ""PUNCT"", ""lemma"": "".""}]","[{""word"": ""Okay"", ""head"": ""need"", ""relation"": ""intj""}, {""word"": "","", ""head"": ""need"", ""relation"": ""punct""}, {""word"": ""need"", ""head"": ""need"", ""relation"": ""ROOT""}, {""word"": ""a"", ""head"": ""chest"", ""relation"": ""det""}, {""word"": ""little"", ""head"": ""chest"", ""relation"": ""amod""}, {""word"": ""chest"", ""head"": ""need"", ""relation"": ""dobj""}, {""word"": ""."", ""head"": ""need"", ""relation"": ""punct""}]",[],"{""label"": ""Airway"", ""confidence"": 0.354}"
00:02:36.219,00:02:38.241,SPEAKER_01,Do I hear any type of... You do.,"[{""text"": ""hear"", ""pos"": ""VERB"", ""lemma"": ""hear""}, {""text"": ""type"", ""pos"": ""NOUN"", ""lemma"": ""type""}, {""text"": ""..."", ""pos"": ""PUNCT"", ""lemma"": ""...""}, {""text"": ""."", ""pos"": ""PUNCT"", ""lemma"": "".""}]","[{""word"": ""Do"", ""head"": ""hear"", ""relation"": ""aux""}, {""word"": ""I"", ""head"": ""hear"", ""relation"": ""nsubj""}, {""word"": ""hear"", ""head"": ""hear"", ""relation"": ""ROOT""}, {""word"": ""any"", ""head"": ""type"", ""relation"": ""det""}, {""word"": ""type"", ""head"": ""hear"", ""relation"": ""dobj""}, {""word"": ""of"", ""head"": ""type"", ""relation"": ""prep""}, {""word"": ""..."", ""head"": ""hear"", ""relation"": ""punct""}, {""word"": ""You"", ""head"": ""do"", ""relation"": ""nsubj""}, {""word"": ""do"", ""head"": ""do"", ""relation"": ""ROOT""}, {""word"": ""."", ""head"": ""do"", ""relation"": ""punct""}]","[{""entity"": ""Detailed_description"", ""text"": ""do"", ""score"": 0.671999990940094}]","{""label"": ""Airway"", ""confidence"": 0.363}"
00:02:38.260,00:02:42.743,SPEAKER_01,"Okay, so I'm going to reconfer and I do have chest rise on the right side now.","[{""text"": ""Okay"", ""pos"": ""INTJ"", ""lemma"": ""okay""}, {""text"": "","", ""pos"": ""PUNCT"", ""lemma"": "",""}, {""text"": ""going"", ""pos"": ""VERB"", ""lemma"": ""go""}, {""text"": ""reconfer"", ""pos"": ""VERB"", ""lemma"": ""reconfer""}, {""text"": ""chest"", ""pos"": ""NOUN"", ""lemma"": ""chest""}, {""text"": ""rise"", ""pos"": ""NOUN"", ""lemma"": ""rise""}, {""text"": ""right"", ""pos"": ""ADJ"", ""lemma"": ""right""}, {""text"": ""."", ""pos"": ""PUNCT"", ""lemma"": "".""}]","[{""word"": ""Okay"", ""head"": ""going"", ""relation"": ""intj""}, {""word"": "","", ""head"": ""going"", ""relation"": ""punct""}, {""word"": ""so"", ""head"": ""going"", ""relation"": ""advmod""}, {""word"": ""I"", ""head"": ""going"", ""relation"": ""nsubj""}, {""word"": ""'m"", ""head"": ""going"", ""relation"": ""aux""}, {""word"": ""going"", ""head"": ""going"", ""relation"": ""ROOT""}, {""word"": ""to"", ""head"": ""reconfer"", ""relation"": ""aux""}, {""word"": ""reconfer"", ""head"": ""going"", ""relation"": ""xcomp""}, {""word"": ""and"", ""head"": ""going"", ""relation"": ""cc""}, {""word"": ""I"", ""head"": ""have"", ""relation"": ""nsubj""}, {""word"": ""do"", ""head"": ""have"", ""relation"": ""aux""}, {""word"": ""have"", ""head"": ""going"", ""relation"": ""conj""}, {""word"": ""chest"", ""head"": ""rise"", ""relation"": ""compound""}, {""word"": ""rise"", ""head"": ""have"", ""relation"": ""dobj""}, {""word"": ""on"", ""head"": ""rise"", ""relation"": ""prep""}, {""word"": ""the"", ""head"": ""side"", ""relation"": ""det""}, {""word"": ""right"", ""head"": ""side"", ""relation"": ""amod""}, {""word"": ""side"", ""head"": ""on"", ""relation"": ""pobj""}, {""word"": ""now"", ""head"": ""have"", ""relation"": ""advmod""}, {""word"": ""."", ""head"": ""have"", ""relation"": ""punct""}]","[{""entity"": ""Therapeutic_procedure"", ""text"": ""rec"", ""score"": 0.9850000143051147}, {""entity"": ""Clinical_event"", ""text"": ""##fer"", ""score"": 0.8140000104904175}, {""entity"": ""Biological_structure"", ""text"": ""chest"", ""score"": 0.6919999718666077}]","{""label"": ""Airway"", ""confidence"": 0.367}"
00:02:42.883,00:02:43.144,SPEAKER_00,You do.,"[{""text"": ""."", ""pos"": ""PUNCT"", ""lemma"": "".""}]","[{""word"": ""You"", ""head"": ""do"", ""relation"": ""nsubj""}, {""word"": ""do"", ""head"": ""do"", ""relation"": ""ROOT""}, {""word"": ""."", ""head"": ""do"", ""relation"": ""punct""}]",[],"{""label"": ""Airway"", ""confidence"": 0.363}"
00:02:43.183,00:02:43.723,SPEAKER_01,Abdominal area.,"[{""text"": ""Abdominal"", ""pos"": ""ADJ"", ""lemma"": ""abdominal""}, {""text"": ""area"", ""pos"": ""NOUN"", ""lemma"": ""area""}, {""text"": ""."", ""pos"": ""PUNCT"", ""lemma"": "".""}]","[{""word"": ""Abdominal"", ""head"": ""area"", ""relation"": ""amod""}, {""word"": ""area"", ""head"": ""area"", ""relation"": ""ROOT""}, {""word"": ""."", ""head"": ""area"", ""relation"": ""punct""}]","[{""entity"": ""Biological_structure"", ""text"": ""abdominal"", ""score"": 1.0}]","{""label"": ""Airway"", ""confidence"": 0.36}"
00:02:43.743,00:02:44.245,SPEAKER_01,Abdomen's soft.,"[{""text"": ""Abdomen"", ""pos"": ""PROPN"", ""lemma"": ""Abdomen""}, {""text"": ""soft"", ""pos"": ""ADJ"", ""lemma"": ""soft""}, {""text"": ""."", ""pos"": ""PUNCT"", ""lemma"": "".""}]","[{""word"": ""Abdomen"", ""head"": ""soft"", ""relation"": ""poss""}, {""word"": ""'s"", ""head"": ""Abdomen"", ""relation"": ""case""}, {""word"": ""soft"", ""head"": ""soft"", ""relation"": ""ROOT""}, {""word"": ""."", ""head"": ""soft"", ""relation"": ""punct""}]","[{""entity"": ""Biological_structure"", ""text"": ""abdomen"", ""score"": 0.9990000128746033}]","{""label"": ""Airway"", ""confidence"": 0.366}"
00:02:44.324,00:02:45.185,SPEAKER_01,Okay.,"[{""text"": ""Okay"", ""pos"": ""INTJ"", ""lemma"": ""okay""}, {""text"": ""."", ""pos"": ""PUNCT"", ""lemma"": "".""}]","[{""word"": ""Okay"", ""head"": ""Okay"", ""relation"": ""ROOT""}, {""word"": ""."", ""head"": ""Okay"", ""relation"": ""punct""}]",[],"{""label"": ""Airway"", ""confidence"": 0.358}"
00:02:45.245,00:02:45.444,SPEAKER_01,Pelvis.,"[{""text"": ""Pelvis"", ""pos"": ""PROPN"", ""lemma"": ""Pelvis""}, {""text"": ""."", ""pos"": ""PUNCT"", ""lemma"": "".""}]","[{""word"": ""Pelvis"", ""head"": ""Pelvis"", ""relation"": ""ROOT""}, {""word"": ""."", ""head"": ""Pelvis"", ""relation"": ""punct""}]","[{""entity"": ""Biological_structure"", ""text"": ""pe"", ""score"": 0.9210000038146973}]","{""label"": ""Airway"", ""confidence"": 0.361}"
00:02:48.593,00:02:49.354,SPEAKER_00,Some instability.,"[{""text"": ""instability"", ""pos"": ""NOUN"", ""lemma"": ""instability""}, {""text"": ""."", ""pos"": ""PUNCT"", ""lemma"": "".""}]","[{""word"": ""Some"", ""head"": ""instability"", ""relation"": ""det""}, {""word"": ""instability"", ""head"": ""instability"", ""relation"": ""ROOT""}, {""word"": ""."", ""head"": ""instability"", ""relation"": ""punct""}]",[],"{""label"": ""Airway"", ""confidence"": 0.383}"
00:02:49.375,00:02:51.056,SPEAKER_01,"Okay, so notice I'm going to stop there.","[{""text"": ""Okay"", ""pos"": ""INTJ"", ""lemma"": ""okay""}, {""text"": "","", ""pos"": ""PUNCT"", ""lemma"": "",""}, {""text"": ""notice"", ""pos"": ""VERB"", ""lemma"": ""notice""}, {""text"": ""going"", ""pos"": ""VERB"", ""lemma"": ""go""}, {""text"": ""stop"", ""pos"": ""VERB"", ""lemma"": ""stop""}, {""text"": ""."", ""pos"": ""PUNCT"", ""lemma"": "".""}]","[{""word"": ""Okay"", ""head"": ""notice"", ""relation"": ""intj""}, {""word"": "","", ""head"": ""notice"", ""relation"": ""punct""}, {""word"": ""so"", ""head"": ""notice"", ""relation"": ""advmod""}, {""word"": ""notice"", ""head"": ""notice"", ""relation"": ""ROOT""}, {""word"": ""I"", ""head"": ""going"", ""relation"": ""nsubj""}, {""word"": ""'m"", ""head"": ""going"", ""relation"": ""aux""}, {""word"": ""going"", ""head"": ""notice"", ""relation"": ""ccomp""}, {""word"": ""to"", ""head"": ""stop"", ""relation"": ""aux""}, {""word"": ""stop"", ""head"": ""going"", ""relation"": ""xcomp""}, {""word"": ""there"", ""head"": ""stop"", ""relation"": ""advmod""}, {""word"": ""."", ""head"": ""notice"", ""relation"": ""punct""}]",[],"{""label"": ""Airway"", ""confidence"": 0.368}"
00:02:51.096,00:02:53.157,SPEAKER_01,I'm going to put a pelvic binder on my partner and my arm.,"[{""text"": ""going"", ""pos"": ""VERB"", ""lemma"": ""go""}, {""text"": ""pelvic"", ""pos"": ""ADJ"", ""lemma"": ""pelvic""}, {""text"": ""binder"", ""pos"": ""NOUN"", ""lemma"": ""binder""}, {""text"": ""partner"", ""pos"": ""NOUN"", ""lemma"": ""partner""}, {""text"": ""arm"", ""pos"": ""NOUN"", ""lemma"": ""arm""}, {""text"": ""."", ""pos"": ""PUNCT"", ""lemma"": "".""}]","[{""word"": ""I"", ""head"": ""going"", ""relation"": ""nsubj""}, {""word"": ""'m"", ""head"": ""going"", ""relation"": ""aux""}, {""word"": ""going"", ""head"": ""going"", ""relation"": ""ROOT""}, {""word"": ""to"", ""head"": ""put"", ""relation"": ""aux""}, {""word"": ""put"", ""head"": ""going"", ""relation"": ""xcomp""}, {""word"": ""a"", ""head"": ""binder"", ""relation"": ""det""}, {""word"": ""pelvic"", ""head"": ""binder"", ""relation"": ""amod""}, {""word"": ""binder"", ""head"": ""put"", ""relation"": ""dobj""}, {""word"": ""on"", ""head"": ""put"", ""relation"": ""prep""}, {""word"": ""my"", ""head"": ""partner"", ""relation"": ""poss""}, {""word"": ""partner"", ""head"": ""on"", ""relation"": ""pobj""}, {""word"": ""and"", ""head"": ""partner"", ""relation"": ""cc""}, {""word"": ""my"", ""head"": ""arm"", ""relation"": ""poss""}, {""word"": ""arm"", ""head"": ""partner"", ""relation"": ""conj""}, {""word"": ""."", ""head"": ""going"", ""relation"": ""punct""}]","[{""entity"": ""Medication"", ""text"": ""binder"", ""score"": 0.6449999809265137}]","{""label"": ""Airway"", ""confidence"": 0.363}"
00:03:04.568,00:03:07.831,SPEAKER_01,"Okay, see you partner.","[{""text"": ""Okay"", ""pos"": ""INTJ"", ""lemma"": ""okay""}, {""text"": "","", ""pos"": ""PUNCT"", ""lemma"": "",""}, {""text"": ""partner"", ""pos"": ""NOUN"", ""lemma"": ""partner""}, {""text"": ""."", ""pos"": ""PUNCT"", ""lemma"": "".""}]","[{""word"": ""Okay"", ""head"": ""see"", ""relation"": ""intj""}, {""word"": "","", ""head"": ""see"", ""relation"": ""punct""}, {""word"": ""see"", ""head"": ""see"", ""relation"": ""ROOT""}, {""word"": ""you"", ""head"": ""see"", ""relation"": ""dobj""}, {""word"": ""partner"", ""head"": ""see"", ""relation"": ""dobj""}, {""word"": ""."", ""head"": ""see"", ""relation"": ""punct""}]","[{""entity"": ""Clinical_event"", ""text"": ""see"", ""score"": 0.23800000548362732}]","{""label"": ""Airway"", ""confidence"": 0.371}"
00:03:11.155,00:03:12.376,SPEAKER_01,The woman first when we were levitating.,"[{""text"": ""woman"", ""pos"": ""NOUN"", ""lemma"": ""woman""}, {""text"": ""levitating"", ""pos"": ""VERB"", ""lemma"": ""levitate""}, {""text"": ""."", ""pos"": ""PUNCT"", ""lemma"": "".""}]","[{""word"": ""The"", ""head"": ""woman"", ""relation"": ""det""}, {""word"": ""woman"", ""head"": ""woman"", ""relation"": ""ROOT""}, {""word"": ""first"", ""head"": ""woman"", ""relation"": ""advmod""}, {""word"": ""when"", ""head"": ""levitating"", ""relation"": ""advmod""}, {""word"": ""we"", ""head"": ""levitating"", ""relation"": ""nsubj""}, {""word"": ""were"", ""head"": ""levitating"", ""relation"": ""aux""}, {""word"": ""levitating"", ""head"": ""woman"", ""relation"": ""relcl""}, {""word"": ""."", ""head"": ""woman"", ""relation"": ""punct""}]","[{""entity"": ""Sex"", ""text"": ""woman"", ""score"": 0.9890000224113464}]","{""label"": ""Medication"", ""confidence"": 0.349}"
00:03:21.727,00:03:23.127,SPEAKER_01,A little higher.,"[{""text"": ""little"", ""pos"": ""ADV"", ""lemma"": ""little""}, {""text"": ""higher"", ""pos"": ""ADJ"", ""lemma"": ""high""}, {""text"": ""."", ""pos"": ""PUNCT"", ""lemma"": "".""}]","[{""word"": ""A"", ""head"": ""little"", ""relation"": ""det""}, {""word"": ""little"", ""head"": ""higher"", ""relation"": ""npadvmod""}, {""word"": ""higher"", ""head"": ""higher"", ""relation"": ""ROOT""}, {""word"": ""."", ""head"": ""higher"", ""relation"": ""punct""}]",[],"{""label"": ""Airway"", ""confidence"": 0.361}"
00:03:23.147,00:03:23.527,SPEAKER_01,"Perfect, okay.","[{""text"": ""Perfect"", ""pos"": ""PROPN"", ""lemma"": ""Perfect""}, {""text"": "","", ""pos"": ""PUNCT"", ""lemma"": "",""}, {""text"": ""okay"", ""pos"": ""ADJ"", ""lemma"": ""okay""}, {""text"": ""."", ""pos"": ""PUNCT"", ""lemma"": "".""}]","[{""word"": ""Perfect"", ""head"": ""okay"", ""relation"": ""advmod""}, {""word"": "","", ""head"": ""okay"", ""relation"": ""punct""}, {""word"": ""okay"", ""head"": ""okay"", ""relation"": ""ROOT""}, {""word"": ""."", ""head"": ""okay"", ""relation"": ""punct""}]",[],"{""label"": ""Medication"", ""confidence"": 0.358}"
00:03:23.548,00:03:32.450,SPEAKER_01,"Okay, hold down.","[{""text"": ""Okay"", ""pos"": ""INTJ"", ""lemma"": ""okay""}, {""text"": "","", ""pos"": ""PUNCT"", ""lemma"": "",""}, {""text"": ""hold"", ""pos"": ""VERB"", ""lemma"": ""hold""}, {""text"": ""."", ""pos"": ""PUNCT"", ""lemma"": "".""}]","[{""word"": ""Okay"", ""head"": ""hold"", ""relation"": ""intj""}, {""word"": "","", ""head"": ""hold"", ""relation"": ""punct""}, {""word"": ""hold"", ""head"": ""hold"", ""relation"": ""ROOT""}, {""word"": ""down"", ""head"": ""hold"", ""relation"": ""prt""}, {""word"": ""."", ""head"": ""hold"", ""relation"": ""punct""}]",[],"{""label"": ""Airway"", ""confidence"": 0.371}"
00:03:32.471,00:03:33.591,SPEAKER_01,"Okay, pelvic stabilized.","[{""text"": ""Okay"", ""pos"": ""INTJ"", ""lemma"": ""okay""}, {""text"": "","", ""pos"": ""PUNCT"", ""lemma"": "",""}, {""text"": ""pelvic"", ""pos"": ""PROPN"", ""lemma"": ""pelvic""}, {""text"": ""stabilized"", ""pos"": ""VERB"", ""lemma"": ""stabilize""}, {""text"": ""."", ""pos"": ""PUNCT"", ""lemma"": "".""}]","[{""word"": ""Okay"", ""head"": ""stabilized"", ""relation"": ""intj""}, {""word"": "","", ""head"": ""stabilized"", ""relation"": ""punct""}, {""word"": ""pelvic"", ""head"": ""stabilized"", ""relation"": ""nsubj""}, {""word"": ""stabilized"", ""head"": ""stabilized"", ""relation"": ""ROOT""}, {""word"": ""."", ""head"": ""stabilized"", ""relation"": ""punct""}]","[{""entity"": ""Biological_structure"", ""text"": ""pe"", ""score"": 1.0}, {""entity"": ""Biological_structure"", ""text"": ""##vic"", ""score"": 0.9980000257492065}]","{""label"": ""Airway"", ""confidence"": 0.379}"
00:03:33.610,00:03:35.891,SPEAKER_01,Now down on the left leg here.,"[{""text"": ""left"", ""pos"": ""ADJ"", ""lemma"": ""left""}, {""text"": ""leg"", ""pos"": ""NOUN"", ""lemma"": ""leg""}, {""text"": ""."", ""pos"": ""PUNCT"", ""lemma"": "".""}]","[{""word"": ""Now"", ""head"": ""down"", ""relation"": ""advmod""}, {""word"": ""down"", ""head"": ""down"", ""relation"": ""ROOT""}, {""word"": ""on"", ""head"": ""down"", ""relation"": ""prep""}, {""word"": ""the"", ""head"": ""leg"", ""relation"": ""det""}, {""word"": ""left"", ""head"": ""leg"", ""relation"": ""amod""}, {""word"": ""leg"", ""head"": ""on"", ""relation"": ""pobj""}, {""word"": ""here"", ""head"": ""leg"", ""relation"": ""advmod""}, {""word"": ""."", ""head"": ""down"", ""relation"": ""punct""}]","[{""entity"": ""Biological_structure"", ""text"": ""left"", ""score"": 0.9990000128746033}, {""entity"": ""Biological_structure"", ""text"": ""leg"", ""score"": 0.9070000052452087}]","{""label"": ""Airway"", ""confidence"": 0.377}"
00:03:35.912,00:03:37.592,SPEAKER_01,Checking for any injuries.,"[{""text"": ""Checking"", ""pos"": ""VERB"", ""lemma"": ""check""}, {""text"": ""injuries"", ""pos"": ""NOUN"", ""lemma"": ""injury""}, {""text"": ""."", ""pos"": ""PUNCT"", ""lemma"": "".""}]","[{""word"": ""Checking"", ""head"": ""Checking"", ""relation"": ""ROOT""}, {""word"": ""for"", ""head"": ""Checking"", ""relation"": ""prep""}, {""word"": ""any"", ""head"": ""injuries"", ""relation"": ""det""}, {""word"": ""injuries"", ""head"": ""for"", ""relation"": ""pobj""}, {""word"": ""."", ""head"": ""Checking"", ""relation"": ""punct""}]",[],"{""label"": ""Medication"", ""confidence"": 0.36}"
00:03:37.812,00:03:38.193,SPEAKER_00,Negative.,"[{""text"": ""Negative"", ""pos"": ""ADJ"", ""lemma"": ""negative""}, {""text"": ""."", ""pos"": ""PUNCT"", ""lemma"": "".""}]","[{""word"": ""Negative"", ""head"": ""Negative"", ""relation"": ""ROOT""}, {""word"": ""."", ""head"": ""Negative"", ""relation"": ""punct""}]",[],"{""label"": ""Airway"", ""confidence"": 0.362}"
00:03:38.492,00:03:38.973,SPEAKER_01,Pulses?,"[{""text"": ""Pulses"", ""pos"": ""NOUN"", ""lemma"": ""pulse""}, {""text"": ""?"", ""pos"": ""PUNCT"", ""lemma"": ""?""}]","[{""word"": ""Pulses"", ""head"": ""Pulses"", ""relation"": ""ROOT""}, {""word"": ""?"", ""head"": ""Pulses"", ""relation"": ""punct""}]","[{""entity"": ""Detailed_description"", ""text"": ""pulses"", ""score"": 0.8240000009536743}, {""entity"": ""Lab_value"", ""text"": ""?"", ""score"": 0.49799999594688416}]","{""label"": ""Airway"", ""confidence"": 0.405}"
00:03:39.393,00:03:40.193,SPEAKER_01,Pulses are intact.,"[{""text"": ""Pulses"", ""pos"": ""NOUN"", ""lemma"": ""pulse""}, {""text"": ""intact"", ""pos"": ""ADJ"", ""lemma"": ""intact""}, {""text"": ""."", ""pos"": ""PUNCT"", ""lemma"": "".""}]","[{""word"": ""Pulses"", ""head"": ""are"", ""relation"": ""nsubj""}, {""word"": ""are"", ""head"": ""are"", ""relation"": ""ROOT""}, {""word"": ""intact"", ""head"": ""are"", ""relation"": ""acomp""}, {""word"": ""."", ""head"": ""are"", ""relation"": ""punct""}]","[{""entity"": ""Diagnostic_procedure"", ""text"": ""pulses"", ""score"": 1.0}]","{""label"": ""Medication"", ""confidence"": 0.343}"
00:03:40.272,00:03:40.473,SPEAKER_01,Okay.,"[{""text"": ""Okay"", ""pos"": ""INTJ"", ""lemma"": ""okay""}, {""text"": ""."", ""pos"": ""PUNCT"", ""lemma"": "".""}]","[{""word"": ""Okay"", ""head"": ""Okay"", ""relation"": ""ROOT""}, {""word"": ""."", ""head"": ""Okay"", ""relation"": ""punct""}]",[],"{""label"": ""Airway"", ""confidence"": 0.358}"
00:03:40.873,00:03:41.873,SPEAKER_01,Circuitry with your toes?,"[{""text"": ""Circuitry"", ""pos"": ""NOUN"", ""lemma"": ""circuitry""}, {""text"": ""toes"", ""pos"": ""NOUN"", ""lemma"": ""toe""}, {""text"": ""?"", ""pos"": ""PUNCT"", ""lemma"": ""?""}]","[{""word"": ""Circuitry"", ""head"": ""Circuitry"", ""relation"": ""ROOT""}, {""word"": ""with"", ""head"": ""Circuitry"", ""relation"": ""prep""}, {""word"": ""your"", ""head"": ""toes"", ""relation"": ""poss""}, {""word"": ""toes"", ""head"": ""with"", ""relation"": ""pobj""}, {""word"": ""?"", ""head"": ""Circuitry"", ""relation"": ""punct""}]","[{""entity"": ""Diagnostic_procedure"", ""text"": ""circuit"", ""score"": 0.7720000147819519}, {""entity"": ""Sign_symptom"", ""text"": ""##ry"", ""score"": 0.5049999952316284}, {""entity"": ""Detailed_description"", ""text"": ""toes"", ""score"": 0.7419999837875366}]","{""label"": ""Airway"", ""confidence"": 0.375}"
00:03:41.933,00:03:42.193,SPEAKER_01,No response.,"[{""text"": ""response"", ""pos"": ""NOUN"", ""lemma"": ""response""}, {""text"": ""."", ""pos"": ""PUNCT"", ""lemma"": "".""}]","[{""word"": ""No"", ""head"": ""response"", ""relation"": ""det""}, {""word"": ""response"", ""head"": ""response"", ""relation"": ""ROOT""}, {""word"": ""."", ""head"": ""response"", ""relation"": ""punct""}]",[],"{""label"": ""Airway"", ""confidence"": 0.365}"
00:03:42.213,00:03:42.794,SPEAKER_01,No response.,"[{""text"": ""response"", ""pos"": ""NOUN"", ""lemma"": ""response""}, {""text"": ""."", ""pos"": ""PUNCT"", ""lemma"": "".""}]","[{""word"": ""No"", ""head"": ""response"", ""relation"": ""det""}, {""word"": ""response"", ""head"": ""response"", ""relation"": ""ROOT""}, {""word"": ""."", ""head"": ""response"", ""relation"": ""punct""}]",[],"{""label"": ""Airway"", ""confidence"": 0.365}"
00:03:43.193,00:03:44.694,SPEAKER_01,"Okay, down on the other leg here.","[{""text"": ""Okay"", ""pos"": ""INTJ"", ""lemma"": ""okay""}, {""text"": "","", ""pos"": ""PUNCT"", ""lemma"": "",""}, {""text"": ""leg"", ""pos"": ""NOUN"", ""lemma"": ""leg""}, {""text"": ""."", ""pos"": ""PUNCT"", ""lemma"": "".""}]","[{""word"": ""Okay"", ""head"": ""down"", ""relation"": ""intj""}, {""word"": "","", ""head"": ""down"", ""relation"": ""punct""}, {""word"": ""down"", ""head"": ""down"", ""relation"": ""ROOT""}, {""word"": ""on"", ""head"": ""down"", ""relation"": ""prep""}, {""word"": ""the"", ""head"": ""leg"", ""relation"": ""det""}, {""word"": ""other"", ""head"": ""leg"", ""relation"": ""amod""}, {""word"": ""leg"", ""head"": ""on"", ""relation"": ""pobj""}, {""word"": ""here"", ""head"": ""leg"", ""relation"": ""advmod""}, {""word"": ""."", ""head"": ""down"", ""relation"": ""punct""}]","[{""entity"": ""Biological_structure"", ""text"": ""other leg"", ""score"": 0.7580000162124634}]","{""label"": ""Airway"", ""confidence"": 0.376}"
00:03:44.715,00:03:45.514,SPEAKER_00,Negative.,"[{""text"": ""Negative"", ""pos"": ""ADJ"", ""lemma"": ""negative""}, {""text"": ""."", ""pos"": ""PUNCT"", ""lemma"": "".""}]","[{""word"": ""Negative"", ""head"": ""Negative"", ""relation"": ""ROOT""}, {""word"": ""."", ""head"": ""Negative"", ""relation"": ""punct""}]",[],"{""label"": ""Airway"", ""confidence"": 0.362}"
00:03:45.534,00:03:46.034,SPEAKER_00,Okay.,"[{""text"": ""Okay"", ""pos"": ""INTJ"", ""lemma"": ""okay""}, {""text"": ""."", ""pos"": ""PUNCT"", ""lemma"": "".""}]","[{""word"": ""Okay"", ""head"": ""Okay"", ""relation"": ""ROOT""}, {""word"": ""."", ""head"": ""Okay"", ""relation"": ""punct""}]",[],"{""label"": ""Airway"", ""confidence"": 0.358}"
00:03:46.515,00:03:47.895,SPEAKER_01,Start blood pressure.,"[{""text"": ""Start"", ""pos"": ""VERB"", ""lemma"": ""start""}, {""text"": ""blood"", ""pos"": ""NOUN"", ""lemma"": ""blood""}, {""text"": ""pressure"", ""pos"": ""NOUN"", ""lemma"": ""pressure""}, {""text"": ""."", ""pos"": ""PUNCT"", ""lemma"": "".""}]","[{""word"": ""Start"", ""head"": ""Start"", ""relation"": ""ROOT""}, {""word"": ""blood"", ""head"": ""pressure"", ""relation"": ""compound""}, {""word"": ""pressure"", ""head"": ""Start"", ""relation"": ""dobj""}, {""word"": ""."", ""head"": ""Start"", ""relation"": ""punct""}]",[],"{""label"": ""Airway"", ""confidence"": 0.385}"
00:03:48.575,00:03:49.256,SPEAKER_01,Don't prep pulse.,"[{""text"": ""prep"", ""pos"": ""VERB"", ""lemma"": ""prep""}, {""text"": ""pulse"", ""pos"": ""NOUN"", ""lemma"": ""pulse""}, {""text"": ""."", ""pos"": ""PUNCT"", ""lemma"": "".""}]","[{""word"": ""Do"", ""head"": ""prep"", ""relation"": ""aux""}, {""word"": ""n't"", ""head"": ""prep"", ""relation"": ""neg""}, {""word"": ""prep"", ""head"": ""prep"", ""relation"": ""ROOT""}, {""word"": ""pulse"", ""head"": ""prep"", ""relation"": ""dobj""}, {""word"": ""."", ""head"": ""prep"", ""relation"": ""punct""}]",[],"{""label"": ""Airway"", ""confidence"": 0.361}"
00:03:49.597,00:03:50.356,SPEAKER_00,Pulse is intact.,"[{""text"": ""Pulse"", ""pos"": ""PROPN"", ""lemma"": ""Pulse""}, {""text"": ""intact"", ""pos"": ""ADJ"", ""lemma"": ""intact""}, {""text"": ""."", ""pos"": ""PUNCT"", ""lemma"": "".""}]","[{""word"": ""Pulse"", ""head"": ""is"", ""relation"": ""nsubj""}, {""word"": ""is"", ""head"": ""is"", ""relation"": ""ROOT""}, {""word"": ""intact"", ""head"": ""is"", ""relation"": ""acomp""}, {""word"": ""."", ""head"": ""is"", ""relation"": ""punct""}]","[{""entity"": ""Diagnostic_procedure"", ""text"": ""pulse"", ""score"": 1.0}]","{""label"": ""Airway"", ""confidence"": 0.347}"
00:03:50.377,00:03:50.616,SPEAKER_00,Okay.,"[{""text"": ""Okay"", ""pos"": ""INTJ"", ""lemma"": ""okay""}, {""text"": ""."", ""pos"": ""PUNCT"", ""lemma"": "".""}]","[{""word"": ""Okay"", ""head"": ""Okay"", ""relation"": ""ROOT""}, {""word"": ""."", ""head"": ""Okay"", ""relation"": ""punct""}]",[],"{""label"": ""Airway"", ""confidence"": 0.358}"
00:03:51.478,00:03:53.239,SPEAKER_01,"Left arm, same pulse.","[{""text"": ""Left"", ""pos"": ""ADJ"", ""lemma"": ""left""}, {""text"": ""arm"", ""pos"": ""NOUN"", ""lemma"": ""arm""}, {""text"": "","", ""pos"": ""PUNCT"", ""lemma"": "",""}, {""text"": ""pulse"", ""pos"": ""NOUN"", ""lemma"": ""pulse""}, {""text"": ""."", ""pos"": ""PUNCT"", ""lemma"": "".""}]","[{""word"": ""Left"", ""head"": ""arm"", ""relation"": ""amod""}, {""word"": ""arm"", ""head"": ""arm"", ""relation"": ""ROOT""}, {""word"": "","", ""head"": ""arm"", ""relation"": ""punct""}, {""word"": ""same"", ""head"": ""pulse"", ""relation"": ""amod""}, {""word"": ""pulse"", ""head"": ""arm"", ""relation"": ""appos""}, {""word"": ""."", ""head"": ""arm"", ""relation"": ""punct""}]",[],"{""label"": ""Airway"", ""confidence"": 0.358}"
00:03:53.718,00:03:54.439,SPEAKER_00,Pulse is intact.,"[{""text"": ""Pulse"", ""pos"": ""PROPN"", ""lemma"": ""Pulse""}, {""text"": ""intact"", ""pos"": ""ADJ"", ""lemma"": ""intact""}, {""text"": ""."", ""pos"": ""PUNCT"", ""lemma"": "".""}]","[{""word"": ""Pulse"", ""head"": ""is"", ""relation"": ""nsubj""}, {""word"": ""is"", ""head"": ""is"", ""relation"": ""ROOT""}, {""word"": ""intact"", ""head"": ""is"", ""relation"": ""acomp""}, {""word"": ""."", ""head"": ""is"", ""relation"": ""punct""}]","[{""entity"": ""Diagnostic_procedure"", ""text"": ""pulse"", ""score"": 1.0}]","{""label"": ""Airway"", ""confidence"": 0.347}"
00:03:54.659,00:03:58.421,SPEAKER_00,No response.,"[{""text"": ""response"", ""pos"": ""NOUN"", ""lemma"": ""response""}, {""text"": ""."", ""pos"": ""PUNCT"", ""lemma"": "".""}]","[{""word"": ""No"", ""head"": ""response"", ""relation"": ""det""}, {""word"": ""response"", ""head"": ""response"", ""relation"": ""ROOT""}, {""word"": ""."", ""head"": ""response"", ""relation"": ""punct""}]",[],"{""label"": ""Airway"", ""confidence"": 0.365}"
00:03:58.461,00:03:59.542,SPEAKER_01,Right arm pulses.,"[{""text"": ""Right"", ""pos"": ""ADJ"", ""lemma"": ""right""}, {""text"": ""arm"", ""pos"": ""NOUN"", ""lemma"": ""arm""}, {""text"": ""pulses"", ""pos"": ""NOUN"", ""lemma"": ""pulse""}, {""text"": ""."", ""pos"": ""PUNCT"", ""lemma"": "".""}]","[{""word"": ""Right"", ""head"": ""pulses"", ""relation"": ""amod""}, {""word"": ""arm"", ""head"": ""pulses"", ""relation"": ""compound""}, {""word"": ""pulses"", ""head"": ""pulses"", ""relation"": ""ROOT""}, {""word"": ""."", ""head"": ""pulses"", ""relation"": ""punct""}]","[{""entity"": ""Biological_structure"", ""text"": ""arm"", ""score"": 0.6919999718666077}]","{""label"": ""Airway"", ""confidence"": 0.356}"
00:04:00.042,00:04:00.962,SPEAKER_01,Pulse is intact.,"[{""text"": ""Pulse"", ""pos"": ""PROPN"", ""lemma"": ""Pulse""}, {""text"": ""intact"", ""pos"": ""ADJ"", ""lemma"": ""intact""}, {""text"": ""."", ""pos"": ""PUNCT"", ""lemma"": "".""}]","[{""word"": ""Pulse"", ""head"": ""is"", ""relation"": ""nsubj""}, {""word"": ""is"", ""head"": ""is"", ""relation"": ""ROOT""}, {""word"": ""intact"", ""head"": ""is"", ""relation"": ""acomp""}, {""word"": ""."", ""head"": ""is"", ""relation"": ""punct""}]","[{""entity"": ""Diagnostic_procedure"", ""text"": ""pulse"", ""score"": 1.0}]","{""label"": ""Airway"", ""confidence"": 0.347}"
00:04:01.342,00:04:04.104,SPEAKER_01,Blood pressure is 90 over 40.,"[{""text"": ""Blood"", ""pos"": ""NOUN"", ""lemma"": ""blood""}, {""text"": ""pressure"", ""pos"": ""NOUN"", ""lemma"": ""pressure""}, {""text"": ""90"", ""pos"": ""NUM"", ""lemma"": ""90""}, {""text"": ""40"", ""pos"": ""NUM"", ""lemma"": ""40""}, {""text"": ""."", ""pos"": ""PUNCT"", ""lemma"": "".""}]","[{""word"": ""Blood"", ""head"": ""pressure"", ""relation"": ""compound""}, {""word"": ""pressure"", ""head"": ""is"", ""relation"": ""nsubj""}, {""word"": ""is"", ""head"": ""is"", ""relation"": ""ROOT""}, {""word"": ""90"", ""head"": ""is"", ""relation"": ""attr""}, {""word"": ""over"", ""head"": ""90"", ""relation"": ""prep""}, {""word"": ""40"", ""head"": ""over"", ""relation"": ""pobj""}, {""word"": ""."", ""head"": ""is"", ""relation"": ""punct""}]","[{""entity"": ""Diagnostic_procedure"", ""text"": ""blood pressure"", ""score"": 1.0}, {""entity"": ""Lab_value"", ""text"": ""90"", ""score"": 1.0}]","{""label"": ""Airway"", ""confidence"": 0.392}"
00:04:04.144,00:04:05.324,SPEAKER_00,Heart rate is 125.,"[{""text"": ""Heart"", ""pos"": ""NOUN"", ""lemma"": ""heart""}, {""text"": ""rate"", ""pos"": ""NOUN"", ""lemma"": ""rate""}, {""text"": ""125"", ""pos"": ""NUM"", ""lemma"": ""125""}, {""text"": ""."", ""pos"": ""PUNCT"", ""lemma"": "".""}]","[{""word"": ""Heart"", ""head"": ""rate"", ""relation"": ""compound""}, {""word"": ""rate"", ""head"": ""is"", ""relation"": ""nsubj""}, {""word"": ""is"", ""head"": ""is"", ""relation"": ""ROOT""}, {""word"": ""125"", ""head"": ""is"", ""relation"": ""attr""}, {""word"": ""."", ""head"": ""is"", ""relation"": ""punct""}]","[{""entity"": ""Diagnostic_procedure"", ""text"": ""heart rate"", ""score"": 1.0}]","{""label"": ""Medication"", ""confidence"": 0.352}"
00:04:05.444,00:04:15.490,SPEAKER_01,"Alright, the syringes we have are the right pneumo which has been something.","[{""text"": ""Alright"", ""pos"": ""ADV"", ""lemma"": ""alright""}, {""text"": "","", ""pos"": ""PUNCT"", ""lemma"": "",""}, {""text"": ""syringes"", ""pos"": ""NOUN"", ""lemma"": ""syrinx""}, {""text"": ""right"", ""pos"": ""ADJ"", ""lemma"": ""right""}, {""text"": ""pneumo"", ""pos"": ""ADJ"", ""lemma"": ""pneumo""}, {""text"": ""."", ""pos"": ""PUNCT"", ""lemma"": "".""}]","[{""word"": ""Alright"", ""head"": ""are"", ""relation"": ""intj""}, {""word"": "","", ""head"": ""are"", ""relation"": ""punct""}, {""word"": ""the"", ""head"": ""syringes"", ""relation"": ""det""}, {""word"": ""syringes"", ""head"": ""are"", ""relation"": ""nsubj""}, {""word"": ""we"", ""head"": ""have"", ""relation"": ""nsubj""}, {""word"": ""have"", ""head"": ""syringes"", ""relation"": ""relcl""}, {""word"": ""are"", ""head"": ""are"", ""relation"": ""ROOT""}, {""word"": ""the"", ""head"": ""pneumo"", ""relation"": ""det""}, {""word"": ""right"", ""head"": ""pneumo"", ""relation"": ""advmod""}, {""word"": ""pneumo"", ""head"": ""are"", ""relation"": ""attr""}, {""word"": ""which"", ""head"": ""been"", ""relation"": ""nsubj""}, {""word"": ""has"", ""head"": ""been"", ""relation"": ""aux""}, {""word"": ""been"", ""head"": ""pneumo"", ""relation"": ""relcl""}, {""word"": ""something"", ""head"": ""been"", ""relation"": ""attr""}, {""word"": ""."", ""head"": ""are"", ""relation"": ""punct""}]","[{""entity"": ""Administration"", ""text"": ""sy"", ""score"": 0.8240000009536743}, {""entity"": ""Coreference"", ""text"": ""##ring"", ""score"": 0.46000000834465027}, {""entity"": ""Detailed_description"", ""text"": ""right"", ""score"": 0.9089999794960022}]","{""label"": ""Airway"", ""confidence"": 0.362}"
00:04:15.509,00:04:17.571,SPEAKER_01,It's been fixed.,"[{""text"": ""fixed"", ""pos"": ""VERB"", ""lemma"": ""fix""}, {""text"": ""."", ""pos"": ""PUNCT"", ""lemma"": "".""}]","[{""word"": ""It"", ""head"": ""fixed"", ""relation"": ""nsubjpass""}, {""word"": ""'s"", ""head"": ""fixed"", ""relation"": ""auxpass""}, {""word"": ""been"", ""head"": ""fixed"", ""relation"": ""auxpass""}, {""word"": ""fixed"", ""head"": ""fixed"", ""relation"": ""ROOT""}, {""word"": ""."", ""head"": ""fixed"", ""relation"": ""punct""}]",[],"{""label"": ""Airway"", ""confidence"": 0.383}"
00:04:18.011,00:04:19.851,SPEAKER_01,We'll keep an eye on the right side in case it reinflates.,"[{""text"": ""eye"", ""pos"": ""NOUN"", ""lemma"": ""eye""}, {""text"": ""right"", ""pos"": ""ADJ"", ""lemma"": ""right""}, {""text"": ""case"", ""pos"": ""NOUN"", ""lemma"": ""case""}, {""text"": ""reinflates"", ""pos"": ""VERB"", ""lemma"": ""reinflate""}, {""text"": ""."", ""pos"": ""PUNCT"", ""lemma"": "".""}]","[{""word"": ""We"", ""head"": ""keep"", ""relation"": ""nsubj""}, {""word"": ""'ll"", ""head"": ""keep"", ""relation"": ""aux""}, {""word"": ""keep"", ""head"": ""keep"", ""relation"": ""ROOT""}, {""word"": ""an"", ""head"": ""eye"", ""relation"": ""det""}, {""word"": ""eye"", ""head"": ""keep"", ""relation"": ""dobj""}, {""word"": ""on"", ""head"": ""keep"", ""relation"": ""prep""}, {""word"": ""the"", ""head"": ""side"", ""relation"": ""det""}, {""word"": ""right"", ""head"": ""side"", ""relation"": ""amod""}, {""word"": ""side"", ""head"": ""on"", ""relation"": ""pobj""}, {""word"": ""in"", ""head"": ""keep"", ""relation"": ""prep""}, {""word"": ""case"", ""head"": ""in"", ""relation"": ""pobj""}, {""word"": ""it"", ""head"": ""reinflates"", ""relation"": ""nsubj""}, {""word"": ""reinflates"", ""head"": ""keep"", ""relation"": ""ccomp""}, {""word"": ""."", ""head"": ""keep"", ""relation"": ""punct""}]",[],"{""label"": ""Airway"", ""confidence"": 0.365}"
00:04:19.932,00:04:20.992,SPEAKER_01,Pelvis is stabilized.,"[{""text"": ""Pelvis"", ""pos"": ""PROPN"", ""lemma"": ""Pelvis""}, {""text"": ""stabilized"", ""pos"": ""VERB"", ""lemma"": ""stabilize""}, {""text"": ""."", ""pos"": ""PUNCT"", ""lemma"": "".""}]","[{""word"": ""Pelvis"", ""head"": ""stabilized"", ""relation"": ""nsubjpass""}, {""word"": ""is"", ""head"": ""stabilized"", ""relation"": ""auxpass""}, {""word"": ""stabilized"", ""head"": ""stabilized"", ""relation"": ""ROOT""}, {""word"": ""."", ""head"": ""stabilized"", ""relation"": ""punct""}]","[{""entity"": ""Biological_structure"", ""text"": ""pe"", ""score"": 1.0}, {""entity"": ""Biological_structure"", ""text"": ""##lvis"", ""score"": 1.0}]","{""label"": ""Airway"", ""confidence"": 0.382}"
00:04:21.377,00:04:24.187,SPEAKER_01,Let's go ahead and get him on a longboard and we'll get out of here.,"[{""text"": ""Let"", ""pos"": ""VERB"", ""lemma"": ""let""}, {""text"": ""ahead"", ""pos"": ""ADV"", ""lemma"": ""ahead""}, {""text"": ""longboard"", ""pos"": ""ADJ"", ""lemma"": ""longboard""}, {""text"": ""."", ""pos"": ""PUNCT"", ""lemma"": "".""}]","[{""word"": ""Let"", ""head"": ""Let"", ""relation"": ""ROOT""}, {""word"": ""'s"", ""head"": ""go"", ""relation"": ""nsubj""}, {""word"": ""go"", ""head"": ""Let"", ""relation"": ""ccomp""}, {""word"": ""ahead"", ""head"": ""go"", ""relation"": ""advmod""}, {""word"": ""and"", ""head"": ""go"", ""relation"": ""cc""}, {""word"": ""get"", ""head"": ""go"", ""relation"": ""conj""}, {""word"": ""him"", ""head"": ""get"", ""relation"": ""dobj""}, {""word"": ""on"", ""head"": ""get"", ""relation"": ""prep""}, {""word"": ""a"", ""head"": ""longboard"", ""relation"": ""det""}, {""word"": ""longboard"", ""head"": ""on"", ""relation"": ""pobj""}, {""word"": ""and"", ""head"": ""Let"", ""relation"": ""cc""}, {""word"": ""we"", ""head"": ""get"", ""relation"": ""nsubj""}, {""word"": ""'ll"", ""head"": ""get"", ""relation"": ""aux""}, {""word"": ""get"", ""head"": ""Let"", ""relation"": ""conj""}, {""word"": ""out"", ""head"": ""get"", ""relation"": ""prep""}, {""word"": ""of"", ""head"": ""out"", ""relation"": ""prep""}, {""word"": ""here"", ""head"": ""of"", ""relation"": ""pcomp""}, {""word"": ""."", ""head"": ""get"", ""relation"": ""punct""}]","[{""entity"": ""Therapeutic_procedure"", ""text"": ""##board"", ""score"": 0.703000009059906}]","{""label"": ""Airway"", ""confidence"": 0.366}"
